Generation,Version,TargetFramework,Api,Operator
NetFramework40,v4.0,v4.0,Enumerable,Aggregate
NetFramework40,v4.0,v4.0,Enumerable,All
NetFramework40,v4.0,v4.0,Enumerable,Any
NetFramework40,v4.0,v4.0,Enumerable,AsEnumerable
NetFramework40,v4.0,v4.0,Enumerable,Average
NetFramework40,v4.0,v4.0,Enumerable,Cast
NetFramework40,v4.0,v4.0,Enumerable,Concat
NetFramework40,v4.0,v4.0,Enumerable,Contains
NetFramework40,v4.0,v4.0,Enumerable,Count
NetFramework40,v4.0,v4.0,Enumerable,DefaultIfEmpty
NetFramework40,v4.0,v4.0,Enumerable,Distinct
NetFramework40,v4.0,v4.0,Enumerable,ElementAt
NetFramework40,v4.0,v4.0,Enumerable,ElementAtOrDefault
NetFramework40,v4.0,v4.0,Enumerable,Empty
NetFramework40,v4.0,v4.0,Enumerable,Except
NetFramework40,v4.0,v4.0,Enumerable,First
NetFramework40,v4.0,v4.0,Enumerable,FirstOrDefault
NetFramework40,v4.0,v4.0,Enumerable,GroupBy
NetFramework40,v4.0,v4.0,Enumerable,GroupJoin
NetFramework40,v4.0,v4.0,Enumerable,Intersect
NetFramework40,v4.0,v4.0,Enumerable,Join
NetFramework40,v4.0,v4.0,Enumerable,Last
NetFramework40,v4.0,v4.0,Enumerable,LastOrDefault
NetFramework40,v4.0,v4.0,Enumerable,LongCount
NetFramework40,v4.0,v4.0,Enumerable,Max
NetFramework40,v4.0,v4.0,Enumerable,Min
NetFramework40,v4.0,v4.0,Enumerable,OfType
NetFramework40,v4.0,v4.0,Enumerable,OrderBy
NetFramework40,v4.0,v4.0,Enumerable,OrderByDescending
NetFramework40,v4.0,v4.0,Enumerable,Range
NetFramework40,v4.0,v4.0,Enumerable,Repeat
NetFramework40,v4.0,v4.0,Enumerable,Reverse
NetFramework40,v4.0,v4.0,Enumerable,Select
NetFramework40,v4.0,v4.0,Enumerable,SelectMany
NetFramework40,v4.0,v4.0,Enumerable,SequenceEqual
NetFramework40,v4.0,v4.0,Enumerable,Single
NetFramework40,v4.0,v4.0,Enumerable,SingleOrDefault
NetFramework40,v4.0,v4.0,Enumerable,Skip
NetFramework40,v4.0,v4.0,Enumerable,SkipWhile
NetFramework40,v4.0,v4.0,Enumerable,Sum
NetFramework40,v4.0,v4.0,Enumerable,Take
NetFramework40,v4.0,v4.0,Enumerable,TakeWhile
NetFramework40,v4.0,v4.0,Enumerable,ThenBy
NetFramework40,v4.0,v4.0,Enumerable,ThenByDescending
NetFramework40,v4.0,v4.0,Enumerable,ToArray
NetFramework40,v4.0,v4.0,Enumerable,ToDictionary
NetFramework40,v4.0,v4.0,Enumerable,ToList
NetFramework40,v4.0,v4.0,Enumerable,ToLookup
NetFramework40,v4.0,v4.0,Enumerable,Union
NetFramework40,v4.0,v4.0,Enumerable,Where
NetFramework40,v4.0,v4.0,Enumerable,Zip
NetFramework40,v4.0,v4.0,Queryable,Aggregate
NetFramework40,v4.0,v4.0,Queryable,All
NetFramework40,v4.0,v4.0,Queryable,Any
NetFramework40,v4.0,v4.0,Queryable,AsQueryable
NetFramework40,v4.0,v4.0,Queryable,Average
NetFramework40,v4.0,v4.0,Queryable,Cast
NetFramework40,v4.0,v4.0,Queryable,Concat
NetFramework40,v4.0,v4.0,Queryable,Contains
NetFramework40,v4.0,v4.0,Queryable,Count
NetFramework40,v4.0,v4.0,Queryable,DefaultIfEmpty
NetFramework40,v4.0,v4.0,Queryable,Distinct
NetFramework40,v4.0,v4.0,Queryable,ElementAt
NetFramework40,v4.0,v4.0,Queryable,ElementAtOrDefault
NetFramework40,v4.0,v4.0,Queryable,Except
NetFramework40,v4.0,v4.0,Queryable,First
NetFramework40,v4.0,v4.0,Queryable,FirstOrDefault
NetFramework40,v4.0,v4.0,Queryable,GroupBy
NetFramework40,v4.0,v4.0,Queryable,GroupJoin
NetFramework40,v4.0,v4.0,Queryable,Intersect
NetFramework40,v4.0,v4.0,Queryable,Join
NetFramework40,v4.0,v4.0,Queryable,Last
NetFramework40,v4.0,v4.0,Queryable,LastOrDefault
NetFramework40,v4.0,v4.0,Queryable,LongCount
NetFramework40,v4.0,v4.0,Queryable,Max
NetFramework40,v4.0,v4.0,Queryable,Min
NetFramework40,v4.0,v4.0,Queryable,OfType
NetFramework40,v4.0,v4.0,Queryable,OrderBy
NetFramework40,v4.0,v4.0,Queryable,OrderByDescending
NetFramework40,v4.0,v4.0,Queryable,Reverse
NetFramework40,v4.0,v4.0,Queryable,Select
NetFramework40,v4.0,v4.0,Queryable,SelectMany
NetFramework40,v4.0,v4.0,Queryable,SequenceEqual
NetFramework40,v4.0,v4.0,Queryable,Single
NetFramework40,v4.0,v4.0,Queryable,SingleOrDefault
NetFramework40,v4.0,v4.0,Queryable,Skip
NetFramework40,v4.0,v4.0,Queryable,SkipWhile
NetFramework40,v4.0,v4.0,Queryable,Sum
NetFramework40,v4.0,v4.0,Queryable,Take
NetFramework40,v4.0,v4.0,Queryable,TakeWhile
NetFramework40,v4.0,v4.0,Queryable,ThenBy
NetFramework40,v4.0,v4.0,Queryable,ThenByDescending
NetFramework40,v4.0,v4.0,Queryable,Union
NetFramework40,v4.0,v4.0,Queryable,Where
NetFramework40,v4.0,v4.0,Queryable,Zip
NetFramework45,v4.5,v4.5,Enumerable,Aggregate
NetFramework45,v4.5,v4.5,Enumerable,All
NetFramework45,v4.5,v4.5,Enumerable,Any
NetFramework45,v4.5,v4.5,Enumerable,AsEnumerable
NetFramework45,v4.5,v4.5,Enumerable,Average
NetFramework45,v4.5,v4.5,Enumerable,Cast
NetFramework45,v4.5,v4.5,Enumerable,Concat
NetFramework45,v4.5,v4.5,Enumerable,Contains
NetFramework45,v4.5,v4.5,Enumerable,Count
NetFramework45,v4.5,v4.5,Enumerable,DefaultIfEmpty
NetFramework45,v4.5,v4.5,Enumerable,Distinct
NetFramework45,v4.5,v4.5,Enumerable,ElementAt
NetFramework45,v4.5,v4.5,Enumerable,ElementAtOrDefault
NetFramework45,v4.5,v4.5,Enumerable,Empty
NetFramework45,v4.5,v4.5,Enumerable,Except
NetFramework45,v4.5,v4.5,Enumerable,First
NetFramework45,v4.5,v4.5,Enumerable,FirstOrDefault
NetFramework45,v4.5,v4.5,Enumerable,GroupBy
NetFramework45,v4.5,v4.5,Enumerable,GroupJoin
NetFramework45,v4.5,v4.5,Enumerable,Intersect
NetFramework45,v4.5,v4.5,Enumerable,Join
NetFramework45,v4.5,v4.5,Enumerable,Last
NetFramework45,v4.5,v4.5,Enumerable,LastOrDefault
NetFramework45,v4.5,v4.5,Enumerable,LongCount
NetFramework45,v4.5,v4.5,Enumerable,Max
NetFramework45,v4.5,v4.5,Enumerable,Min
NetFramework45,v4.5,v4.5,Enumerable,OfType
NetFramework45,v4.5,v4.5,Enumerable,OrderBy
NetFramework45,v4.5,v4.5,Enumerable,OrderByDescending
NetFramework45,v4.5,v4.5,Enumerable,Range
NetFramework45,v4.5,v4.5,Enumerable,Repeat
NetFramework45,v4.5,v4.5,Enumerable,Reverse
NetFramework45,v4.5,v4.5,Enumerable,Select
NetFramework45,v4.5,v4.5,Enumerable,SelectMany
NetFramework45,v4.5,v4.5,Enumerable,SequenceEqual
NetFramework45,v4.5,v4.5,Enumerable,Single
NetFramework45,v4.5,v4.5,Enumerable,SingleOrDefault
NetFramework45,v4.5,v4.5,Enumerable,Skip
NetFramework45,v4.5,v4.5,Enumerable,SkipWhile
NetFramework45,v4.5,v4.5,Enumerable,Sum
NetFramework45,v4.5,v4.5,Enumerable,Take
NetFramework45,v4.5,v4.5,Enumerable,TakeWhile
NetFramework45,v4.5,v4.5,Enumerable,ThenBy
NetFramework45,v4.5,v4.5,Enumerable,ThenByDescending
NetFramework45,v4.5,v4.5,Enumerable,ToArray
NetFramework45,v4.5,v4.5,Enumerable,ToDictionary
NetFramework45,v4.5,v4.5,Enumerable,ToList
NetFramework45,v4.5,v4.5,Enumerable,ToLookup
NetFramework45,v4.5,v4.5,Enumerable,Union
NetFramework45,v4.5,v4.5,Enumerable,Where
NetFramework45,v4.5,v4.5,Enumerable,Zip
NetFramework45,v4.5,v4.5,Queryable,Aggregate
NetFramework45,v4.5,v4.5,Queryable,All
NetFramework45,v4.5,v4.5,Queryable,Any
NetFramework45,v4.5,v4.5,Queryable,AsQueryable
NetFramework45,v4.5,v4.5,Queryable,Average
NetFramework45,v4.5,v4.5,Queryable,Cast
NetFramework45,v4.5,v4.5,Queryable,Concat
NetFramework45,v4.5,v4.5,Queryable,Contains
NetFramework45,v4.5,v4.5,Queryable,Count
NetFramework45,v4.5,v4.5,Queryable,DefaultIfEmpty
NetFramework45,v4.5,v4.5,Queryable,Distinct
NetFramework45,v4.5,v4.5,Queryable,ElementAt
NetFramework45,v4.5,v4.5,Queryable,ElementAtOrDefault
NetFramework45,v4.5,v4.5,Queryable,Except
NetFramework45,v4.5,v4.5,Queryable,First
NetFramework45,v4.5,v4.5,Queryable,FirstOrDefault
NetFramework45,v4.5,v4.5,Queryable,GroupBy
NetFramework45,v4.5,v4.5,Queryable,GroupJoin
NetFramework45,v4.5,v4.5,Queryable,Intersect
NetFramework45,v4.5,v4.5,Queryable,Join
NetFramework45,v4.5,v4.5,Queryable,Last
NetFramework45,v4.5,v4.5,Queryable,LastOrDefault
NetFramework45,v4.5,v4.5,Queryable,LongCount
NetFramework45,v4.5,v4.5,Queryable,Max
NetFramework45,v4.5,v4.5,Queryable,Min
NetFramework45,v4.5,v4.5,Queryable,OfType
NetFramework45,v4.5,v4.5,Queryable,OrderBy
NetFramework45,v4.5,v4.5,Queryable,OrderByDescending
NetFramework45,v4.5,v4.5,Queryable,Reverse
NetFramework45,v4.5,v4.5,Queryable,Select
NetFramework45,v4.5,v4.5,Queryable,SelectMany
NetFramework45,v4.5,v4.5,Queryable,SequenceEqual
NetFramework45,v4.5,v4.5,Queryable,Single
NetFramework45,v4.5,v4.5,Queryable,SingleOrDefault
NetFramework45,v4.5,v4.5,Queryable,Skip
NetFramework45,v4.5,v4.5,Queryable,SkipWhile
NetFramework45,v4.5,v4.5,Queryable,Sum
NetFramework45,v4.5,v4.5,Queryable,Take
NetFramework45,v4.5,v4.5,Queryable,TakeWhile
NetFramework45,v4.5,v4.5,Queryable,ThenBy
NetFramework45,v4.5,v4.5,Queryable,ThenByDescending
NetFramework45,v4.5,v4.5,Queryable,Union
NetFramework45,v4.5,v4.5,Queryable,Where
NetFramework45,v4.5,v4.5,Queryable,Zip
NetFramework451,v4.5.1,v4.5.1,Enumerable,Aggregate
NetFramework451,v4.5.1,v4.5.1,Enumerable,All
NetFramework451,v4.5.1,v4.5.1,Enumerable,Any
NetFramework451,v4.5.1,v4.5.1,Enumerable,AsEnumerable
NetFramework451,v4.5.1,v4.5.1,Enumerable,Average
NetFramework451,v4.5.1,v4.5.1,Enumerable,Cast
NetFramework451,v4.5.1,v4.5.1,Enumerable,Concat
NetFramework451,v4.5.1,v4.5.1,Enumerable,Contains
NetFramework451,v4.5.1,v4.5.1,Enumerable,Count
NetFramework451,v4.5.1,v4.5.1,Enumerable,DefaultIfEmpty
NetFramework451,v4.5.1,v4.5.1,Enumerable,Distinct
NetFramework451,v4.5.1,v4.5.1,Enumerable,ElementAt
NetFramework451,v4.5.1,v4.5.1,Enumerable,ElementAtOrDefault
NetFramework451,v4.5.1,v4.5.1,Enumerable,Empty
NetFramework451,v4.5.1,v4.5.1,Enumerable,Except
NetFramework451,v4.5.1,v4.5.1,Enumerable,First
NetFramework451,v4.5.1,v4.5.1,Enumerable,FirstOrDefault
NetFramework451,v4.5.1,v4.5.1,Enumerable,GroupBy
NetFramework451,v4.5.1,v4.5.1,Enumerable,GroupJoin
NetFramework451,v4.5.1,v4.5.1,Enumerable,Intersect
NetFramework451,v4.5.1,v4.5.1,Enumerable,Join
NetFramework451,v4.5.1,v4.5.1,Enumerable,Last
NetFramework451,v4.5.1,v4.5.1,Enumerable,LastOrDefault
NetFramework451,v4.5.1,v4.5.1,Enumerable,LongCount
NetFramework451,v4.5.1,v4.5.1,Enumerable,Max
NetFramework451,v4.5.1,v4.5.1,Enumerable,Min
NetFramework451,v4.5.1,v4.5.1,Enumerable,OfType
NetFramework451,v4.5.1,v4.5.1,Enumerable,OrderBy
NetFramework451,v4.5.1,v4.5.1,Enumerable,OrderByDescending
NetFramework451,v4.5.1,v4.5.1,Enumerable,Range
NetFramework451,v4.5.1,v4.5.1,Enumerable,Repeat
NetFramework451,v4.5.1,v4.5.1,Enumerable,Reverse
NetFramework451,v4.5.1,v4.5.1,Enumerable,Select
NetFramework451,v4.5.1,v4.5.1,Enumerable,SelectMany
NetFramework451,v4.5.1,v4.5.1,Enumerable,SequenceEqual
NetFramework451,v4.5.1,v4.5.1,Enumerable,Single
NetFramework451,v4.5.1,v4.5.1,Enumerable,SingleOrDefault
NetFramework451,v4.5.1,v4.5.1,Enumerable,Skip
NetFramework451,v4.5.1,v4.5.1,Enumerable,SkipWhile
NetFramework451,v4.5.1,v4.5.1,Enumerable,Sum
NetFramework451,v4.5.1,v4.5.1,Enumerable,Take
NetFramework451,v4.5.1,v4.5.1,Enumerable,TakeWhile
NetFramework451,v4.5.1,v4.5.1,Enumerable,ThenBy
NetFramework451,v4.5.1,v4.5.1,Enumerable,ThenByDescending
NetFramework451,v4.5.1,v4.5.1,Enumerable,ToArray
NetFramework451,v4.5.1,v4.5.1,Enumerable,ToDictionary
NetFramework451,v4.5.1,v4.5.1,Enumerable,ToList
NetFramework451,v4.5.1,v4.5.1,Enumerable,ToLookup
NetFramework451,v4.5.1,v4.5.1,Enumerable,Union
NetFramework451,v4.5.1,v4.5.1,Enumerable,Where
NetFramework451,v4.5.1,v4.5.1,Enumerable,Zip
NetFramework451,v4.5.1,v4.5.1,Queryable,Aggregate
NetFramework451,v4.5.1,v4.5.1,Queryable,All
NetFramework451,v4.5.1,v4.5.1,Queryable,Any
NetFramework451,v4.5.1,v4.5.1,Queryable,AsQueryable
NetFramework451,v4.5.1,v4.5.1,Queryable,Average
NetFramework451,v4.5.1,v4.5.1,Queryable,Cast
NetFramework451,v4.5.1,v4.5.1,Queryable,Concat
NetFramework451,v4.5.1,v4.5.1,Queryable,Contains
NetFramework451,v4.5.1,v4.5.1,Queryable,Count
NetFramework451,v4.5.1,v4.5.1,Queryable,DefaultIfEmpty
NetFramework451,v4.5.1,v4.5.1,Queryable,Distinct
NetFramework451,v4.5.1,v4.5.1,Queryable,ElementAt
NetFramework451,v4.5.1,v4.5.1,Queryable,ElementAtOrDefault
NetFramework451,v4.5.1,v4.5.1,Queryable,Except
NetFramework451,v4.5.1,v4.5.1,Queryable,First
NetFramework451,v4.5.1,v4.5.1,Queryable,FirstOrDefault
NetFramework451,v4.5.1,v4.5.1,Queryable,GroupBy
NetFramework451,v4.5.1,v4.5.1,Queryable,GroupJoin
NetFramework451,v4.5.1,v4.5.1,Queryable,Intersect
NetFramework451,v4.5.1,v4.5.1,Queryable,Join
NetFramework451,v4.5.1,v4.5.1,Queryable,Last
NetFramework451,v4.5.1,v4.5.1,Queryable,LastOrDefault
NetFramework451,v4.5.1,v4.5.1,Queryable,LongCount
NetFramework451,v4.5.1,v4.5.1,Queryable,Max
NetFramework451,v4.5.1,v4.5.1,Queryable,Min
NetFramework451,v4.5.1,v4.5.1,Queryable,OfType
NetFramework451,v4.5.1,v4.5.1,Queryable,OrderBy
NetFramework451,v4.5.1,v4.5.1,Queryable,OrderByDescending
NetFramework451,v4.5.1,v4.5.1,Queryable,Reverse
NetFramework451,v4.5.1,v4.5.1,Queryable,Select
NetFramework451,v4.5.1,v4.5.1,Queryable,SelectMany
NetFramework451,v4.5.1,v4.5.1,Queryable,SequenceEqual
NetFramework451,v4.5.1,v4.5.1,Queryable,Single
NetFramework451,v4.5.1,v4.5.1,Queryable,SingleOrDefault
NetFramework451,v4.5.1,v4.5.1,Queryable,Skip
NetFramework451,v4.5.1,v4.5.1,Queryable,SkipWhile
NetFramework451,v4.5.1,v4.5.1,Queryable,Sum
NetFramework451,v4.5.1,v4.5.1,Queryable,Take
NetFramework451,v4.5.1,v4.5.1,Queryable,TakeWhile
NetFramework451,v4.5.1,v4.5.1,Queryable,ThenBy
NetFramework451,v4.5.1,v4.5.1,Queryable,ThenByDescending
NetFramework451,v4.5.1,v4.5.1,Queryable,Union
NetFramework451,v4.5.1,v4.5.1,Queryable,Where
NetFramework451,v4.5.1,v4.5.1,Queryable,Zip
NetFramework452,v4.5.2,v4.5.2,Enumerable,Aggregate
NetFramework452,v4.5.2,v4.5.2,Enumerable,All
NetFramework452,v4.5.2,v4.5.2,Enumerable,Any
NetFramework452,v4.5.2,v4.5.2,Enumerable,AsEnumerable
NetFramework452,v4.5.2,v4.5.2,Enumerable,Average
NetFramework452,v4.5.2,v4.5.2,Enumerable,Cast
NetFramework452,v4.5.2,v4.5.2,Enumerable,Concat
NetFramework452,v4.5.2,v4.5.2,Enumerable,Contains
NetFramework452,v4.5.2,v4.5.2,Enumerable,Count
NetFramework452,v4.5.2,v4.5.2,Enumerable,DefaultIfEmpty
NetFramework452,v4.5.2,v4.5.2,Enumerable,Distinct
NetFramework452,v4.5.2,v4.5.2,Enumerable,ElementAt
NetFramework452,v4.5.2,v4.5.2,Enumerable,ElementAtOrDefault
NetFramework452,v4.5.2,v4.5.2,Enumerable,Empty
NetFramework452,v4.5.2,v4.5.2,Enumerable,Except
NetFramework452,v4.5.2,v4.5.2,Enumerable,First
NetFramework452,v4.5.2,v4.5.2,Enumerable,FirstOrDefault
NetFramework452,v4.5.2,v4.5.2,Enumerable,GroupBy
NetFramework452,v4.5.2,v4.5.2,Enumerable,GroupJoin
NetFramework452,v4.5.2,v4.5.2,Enumerable,Intersect
NetFramework452,v4.5.2,v4.5.2,Enumerable,Join
NetFramework452,v4.5.2,v4.5.2,Enumerable,Last
NetFramework452,v4.5.2,v4.5.2,Enumerable,LastOrDefault
NetFramework452,v4.5.2,v4.5.2,Enumerable,LongCount
NetFramework452,v4.5.2,v4.5.2,Enumerable,Max
NetFramework452,v4.5.2,v4.5.2,Enumerable,Min
NetFramework452,v4.5.2,v4.5.2,Enumerable,OfType
NetFramework452,v4.5.2,v4.5.2,Enumerable,OrderBy
NetFramework452,v4.5.2,v4.5.2,Enumerable,OrderByDescending
NetFramework452,v4.5.2,v4.5.2,Enumerable,Range
NetFramework452,v4.5.2,v4.5.2,Enumerable,Repeat
NetFramework452,v4.5.2,v4.5.2,Enumerable,Reverse
NetFramework452,v4.5.2,v4.5.2,Enumerable,Select
NetFramework452,v4.5.2,v4.5.2,Enumerable,SelectMany
NetFramework452,v4.5.2,v4.5.2,Enumerable,SequenceEqual
NetFramework452,v4.5.2,v4.5.2,Enumerable,Single
NetFramework452,v4.5.2,v4.5.2,Enumerable,SingleOrDefault
NetFramework452,v4.5.2,v4.5.2,Enumerable,Skip
NetFramework452,v4.5.2,v4.5.2,Enumerable,SkipWhile
NetFramework452,v4.5.2,v4.5.2,Enumerable,Sum
NetFramework452,v4.5.2,v4.5.2,Enumerable,Take
NetFramework452,v4.5.2,v4.5.2,Enumerable,TakeWhile
NetFramework452,v4.5.2,v4.5.2,Enumerable,ThenBy
NetFramework452,v4.5.2,v4.5.2,Enumerable,ThenByDescending
NetFramework452,v4.5.2,v4.5.2,Enumerable,ToArray
NetFramework452,v4.5.2,v4.5.2,Enumerable,ToDictionary
NetFramework452,v4.5.2,v4.5.2,Enumerable,ToList
NetFramework452,v4.5.2,v4.5.2,Enumerable,ToLookup
NetFramework452,v4.5.2,v4.5.2,Enumerable,Union
NetFramework452,v4.5.2,v4.5.2,Enumerable,Where
NetFramework452,v4.5.2,v4.5.2,Enumerable,Zip
NetFramework452,v4.5.2,v4.5.2,Queryable,Aggregate
NetFramework452,v4.5.2,v4.5.2,Queryable,All
NetFramework452,v4.5.2,v4.5.2,Queryable,Any
NetFramework452,v4.5.2,v4.5.2,Queryable,AsQueryable
NetFramework452,v4.5.2,v4.5.2,Queryable,Average
NetFramework452,v4.5.2,v4.5.2,Queryable,Cast
NetFramework452,v4.5.2,v4.5.2,Queryable,Concat
NetFramework452,v4.5.2,v4.5.2,Queryable,Contains
NetFramework452,v4.5.2,v4.5.2,Queryable,Count
NetFramework452,v4.5.2,v4.5.2,Queryable,DefaultIfEmpty
NetFramework452,v4.5.2,v4.5.2,Queryable,Distinct
NetFramework452,v4.5.2,v4.5.2,Queryable,ElementAt
NetFramework452,v4.5.2,v4.5.2,Queryable,ElementAtOrDefault
NetFramework452,v4.5.2,v4.5.2,Queryable,Except
NetFramework452,v4.5.2,v4.5.2,Queryable,First
NetFramework452,v4.5.2,v4.5.2,Queryable,FirstOrDefault
NetFramework452,v4.5.2,v4.5.2,Queryable,GroupBy
NetFramework452,v4.5.2,v4.5.2,Queryable,GroupJoin
NetFramework452,v4.5.2,v4.5.2,Queryable,Intersect
NetFramework452,v4.5.2,v4.5.2,Queryable,Join
NetFramework452,v4.5.2,v4.5.2,Queryable,Last
NetFramework452,v4.5.2,v4.5.2,Queryable,LastOrDefault
NetFramework452,v4.5.2,v4.5.2,Queryable,LongCount
NetFramework452,v4.5.2,v4.5.2,Queryable,Max
NetFramework452,v4.5.2,v4.5.2,Queryable,Min
NetFramework452,v4.5.2,v4.5.2,Queryable,OfType
NetFramework452,v4.5.2,v4.5.2,Queryable,OrderBy
NetFramework452,v4.5.2,v4.5.2,Queryable,OrderByDescending
NetFramework452,v4.5.2,v4.5.2,Queryable,Reverse
NetFramework452,v4.5.2,v4.5.2,Queryable,Select
NetFramework452,v4.5.2,v4.5.2,Queryable,SelectMany
NetFramework452,v4.5.2,v4.5.2,Queryable,SequenceEqual
NetFramework452,v4.5.2,v4.5.2,Queryable,Single
NetFramework452,v4.5.2,v4.5.2,Queryable,SingleOrDefault
NetFramework452,v4.5.2,v4.5.2,Queryable,Skip
NetFramework452,v4.5.2,v4.5.2,Queryable,SkipWhile
NetFramework452,v4.5.2,v4.5.2,Queryable,Sum
NetFramework452,v4.5.2,v4.5.2,Queryable,Take
NetFramework452,v4.5.2,v4.5.2,Queryable,TakeWhile
NetFramework452,v4.5.2,v4.5.2,Queryable,ThenBy
NetFramework452,v4.5.2,v4.5.2,Queryable,ThenByDescending
NetFramework452,v4.5.2,v4.5.2,Queryable,Union
NetFramework452,v4.5.2,v4.5.2,Queryable,Where
NetFramework452,v4.5.2,v4.5.2,Queryable,Zip
NetFramework46,v4.6,v4.6,Enumerable,Aggregate
NetFramework46,v4.6,v4.6,Enumerable,All
NetFramework46,v4.6,v4.6,Enumerable,Any
NetFramework46,v4.6,v4.6,Enumerable,AsEnumerable
NetFramework46,v4.6,v4.6,Enumerable,Average
NetFramework46,v4.6,v4.6,Enumerable,Cast
NetFramework46,v4.6,v4.6,Enumerable,Concat
NetFramework46,v4.6,v4.6,Enumerable,Contains
NetFramework46,v4.6,v4.6,Enumerable,Count
NetFramework46,v4.6,v4.6,Enumerable,DefaultIfEmpty
NetFramework46,v4.6,v4.6,Enumerable,Distinct
NetFramework46,v4.6,v4.6,Enumerable,ElementAt
NetFramework46,v4.6,v4.6,Enumerable,ElementAtOrDefault
NetFramework46,v4.6,v4.6,Enumerable,Empty
NetFramework46,v4.6,v4.6,Enumerable,Except
NetFramework46,v4.6,v4.6,Enumerable,First
NetFramework46,v4.6,v4.6,Enumerable,FirstOrDefault
NetFramework46,v4.6,v4.6,Enumerable,GroupBy
NetFramework46,v4.6,v4.6,Enumerable,GroupJoin
NetFramework46,v4.6,v4.6,Enumerable,Intersect
NetFramework46,v4.6,v4.6,Enumerable,Join
NetFramework46,v4.6,v4.6,Enumerable,Last
NetFramework46,v4.6,v4.6,Enumerable,LastOrDefault
NetFramework46,v4.6,v4.6,Enumerable,LongCount
NetFramework46,v4.6,v4.6,Enumerable,Max
NetFramework46,v4.6,v4.6,Enumerable,Min
NetFramework46,v4.6,v4.6,Enumerable,OfType
NetFramework46,v4.6,v4.6,Enumerable,OrderBy
NetFramework46,v4.6,v4.6,Enumerable,OrderByDescending
NetFramework46,v4.6,v4.6,Enumerable,Range
NetFramework46,v4.6,v4.6,Enumerable,Repeat
NetFramework46,v4.6,v4.6,Enumerable,Reverse
NetFramework46,v4.6,v4.6,Enumerable,Select
NetFramework46,v4.6,v4.6,Enumerable,SelectMany
NetFramework46,v4.6,v4.6,Enumerable,SequenceEqual
NetFramework46,v4.6,v4.6,Enumerable,Single
NetFramework46,v4.6,v4.6,Enumerable,SingleOrDefault
NetFramework46,v4.6,v4.6,Enumerable,Skip
NetFramework46,v4.6,v4.6,Enumerable,SkipWhile
NetFramework46,v4.6,v4.6,Enumerable,Sum
NetFramework46,v4.6,v4.6,Enumerable,Take
NetFramework46,v4.6,v4.6,Enumerable,TakeWhile
NetFramework46,v4.6,v4.6,Enumerable,ThenBy
NetFramework46,v4.6,v4.6,Enumerable,ThenByDescending
NetFramework46,v4.6,v4.6,Enumerable,ToArray
NetFramework46,v4.6,v4.6,Enumerable,ToDictionary
NetFramework46,v4.6,v4.6,Enumerable,ToList
NetFramework46,v4.6,v4.6,Enumerable,ToLookup
NetFramework46,v4.6,v4.6,Enumerable,Union
NetFramework46,v4.6,v4.6,Enumerable,Where
NetFramework46,v4.6,v4.6,Enumerable,Zip
NetFramework46,v4.6,v4.6,Queryable,Aggregate
NetFramework46,v4.6,v4.6,Queryable,All
NetFramework46,v4.6,v4.6,Queryable,Any
NetFramework46,v4.6,v4.6,Queryable,AsQueryable
NetFramework46,v4.6,v4.6,Queryable,Average
NetFramework46,v4.6,v4.6,Queryable,Cast
NetFramework46,v4.6,v4.6,Queryable,Concat
NetFramework46,v4.6,v4.6,Queryable,Contains
NetFramework46,v4.6,v4.6,Queryable,Count
NetFramework46,v4.6,v4.6,Queryable,DefaultIfEmpty
NetFramework46,v4.6,v4.6,Queryable,Distinct
NetFramework46,v4.6,v4.6,Queryable,ElementAt
NetFramework46,v4.6,v4.6,Queryable,ElementAtOrDefault
NetFramework46,v4.6,v4.6,Queryable,Except
NetFramework46,v4.6,v4.6,Queryable,First
NetFramework46,v4.6,v4.6,Queryable,FirstOrDefault
NetFramework46,v4.6,v4.6,Queryable,GroupBy
NetFramework46,v4.6,v4.6,Queryable,GroupJoin
NetFramework46,v4.6,v4.6,Queryable,Intersect
NetFramework46,v4.6,v4.6,Queryable,Join
NetFramework46,v4.6,v4.6,Queryable,Last
NetFramework46,v4.6,v4.6,Queryable,LastOrDefault
NetFramework46,v4.6,v4.6,Queryable,LongCount
NetFramework46,v4.6,v4.6,Queryable,Max
NetFramework46,v4.6,v4.6,Queryable,Min
NetFramework46,v4.6,v4.6,Queryable,OfType
NetFramework46,v4.6,v4.6,Queryable,OrderBy
NetFramework46,v4.6,v4.6,Queryable,OrderByDescending
NetFramework46,v4.6,v4.6,Queryable,Reverse
NetFramework46,v4.6,v4.6,Queryable,Select
NetFramework46,v4.6,v4.6,Queryable,SelectMany
NetFramework46,v4.6,v4.6,Queryable,SequenceEqual
NetFramework46,v4.6,v4.6,Queryable,Single
NetFramework46,v4.6,v4.6,Queryable,SingleOrDefault
NetFramework46,v4.6,v4.6,Queryable,Skip
NetFramework46,v4.6,v4.6,Queryable,SkipWhile
NetFramework46,v4.6,v4.6,Queryable,Sum
NetFramework46,v4.6,v4.6,Queryable,Take
NetFramework46,v4.6,v4.6,Queryable,TakeWhile
NetFramework46,v4.6,v4.6,Queryable,ThenBy
NetFramework46,v4.6,v4.6,Queryable,ThenByDescending
NetFramework46,v4.6,v4.6,Queryable,Union
NetFramework46,v4.6,v4.6,Queryable,Where
NetFramework46,v4.6,v4.6,Queryable,Zip
NetFramework461,v4.6.1,v4.6.1,Enumerable,Aggregate
NetFramework461,v4.6.1,v4.6.1,Enumerable,All
NetFramework461,v4.6.1,v4.6.1,Enumerable,Any
NetFramework461,v4.6.1,v4.6.1,Enumerable,AsEnumerable
NetFramework461,v4.6.1,v4.6.1,Enumerable,Average
NetFramework461,v4.6.1,v4.6.1,Enumerable,Cast
NetFramework461,v4.6.1,v4.6.1,Enumerable,Concat
NetFramework461,v4.6.1,v4.6.1,Enumerable,Contains
NetFramework461,v4.6.1,v4.6.1,Enumerable,Count
NetFramework461,v4.6.1,v4.6.1,Enumerable,DefaultIfEmpty
NetFramework461,v4.6.1,v4.6.1,Enumerable,Distinct
NetFramework461,v4.6.1,v4.6.1,Enumerable,ElementAt
NetFramework461,v4.6.1,v4.6.1,Enumerable,ElementAtOrDefault
NetFramework461,v4.6.1,v4.6.1,Enumerable,Empty
NetFramework461,v4.6.1,v4.6.1,Enumerable,Except
NetFramework461,v4.6.1,v4.6.1,Enumerable,First
NetFramework461,v4.6.1,v4.6.1,Enumerable,FirstOrDefault
NetFramework461,v4.6.1,v4.6.1,Enumerable,GroupBy
NetFramework461,v4.6.1,v4.6.1,Enumerable,GroupJoin
NetFramework461,v4.6.1,v4.6.1,Enumerable,Intersect
NetFramework461,v4.6.1,v4.6.1,Enumerable,Join
NetFramework461,v4.6.1,v4.6.1,Enumerable,Last
NetFramework461,v4.6.1,v4.6.1,Enumerable,LastOrDefault
NetFramework461,v4.6.1,v4.6.1,Enumerable,LongCount
NetFramework461,v4.6.1,v4.6.1,Enumerable,Max
NetFramework461,v4.6.1,v4.6.1,Enumerable,Min
NetFramework461,v4.6.1,v4.6.1,Enumerable,OfType
NetFramework461,v4.6.1,v4.6.1,Enumerable,OrderBy
NetFramework461,v4.6.1,v4.6.1,Enumerable,OrderByDescending
NetFramework461,v4.6.1,v4.6.1,Enumerable,Range
NetFramework461,v4.6.1,v4.6.1,Enumerable,Repeat
NetFramework461,v4.6.1,v4.6.1,Enumerable,Reverse
NetFramework461,v4.6.1,v4.6.1,Enumerable,Select
NetFramework461,v4.6.1,v4.6.1,Enumerable,SelectMany
NetFramework461,v4.6.1,v4.6.1,Enumerable,SequenceEqual
NetFramework461,v4.6.1,v4.6.1,Enumerable,Single
NetFramework461,v4.6.1,v4.6.1,Enumerable,SingleOrDefault
NetFramework461,v4.6.1,v4.6.1,Enumerable,Skip
NetFramework461,v4.6.1,v4.6.1,Enumerable,SkipWhile
NetFramework461,v4.6.1,v4.6.1,Enumerable,Sum
NetFramework461,v4.6.1,v4.6.1,Enumerable,Take
NetFramework461,v4.6.1,v4.6.1,Enumerable,TakeWhile
NetFramework461,v4.6.1,v4.6.1,Enumerable,ThenBy
NetFramework461,v4.6.1,v4.6.1,Enumerable,ThenByDescending
NetFramework461,v4.6.1,v4.6.1,Enumerable,ToArray
NetFramework461,v4.6.1,v4.6.1,Enumerable,ToDictionary
NetFramework461,v4.6.1,v4.6.1,Enumerable,ToList
NetFramework461,v4.6.1,v4.6.1,Enumerable,ToLookup
NetFramework461,v4.6.1,v4.6.1,Enumerable,Union
NetFramework461,v4.6.1,v4.6.1,Enumerable,Where
NetFramework461,v4.6.1,v4.6.1,Enumerable,Zip
NetFramework461,v4.6.1,v4.6.1,Queryable,Aggregate
NetFramework461,v4.6.1,v4.6.1,Queryable,All
NetFramework461,v4.6.1,v4.6.1,Queryable,Any
NetFramework461,v4.6.1,v4.6.1,Queryable,AsQueryable
NetFramework461,v4.6.1,v4.6.1,Queryable,Average
NetFramework461,v4.6.1,v4.6.1,Queryable,Cast
NetFramework461,v4.6.1,v4.6.1,Queryable,Concat
NetFramework461,v4.6.1,v4.6.1,Queryable,Contains
NetFramework461,v4.6.1,v4.6.1,Queryable,Count
NetFramework461,v4.6.1,v4.6.1,Queryable,DefaultIfEmpty
NetFramework461,v4.6.1,v4.6.1,Queryable,Distinct
NetFramework461,v4.6.1,v4.6.1,Queryable,ElementAt
NetFramework461,v4.6.1,v4.6.1,Queryable,ElementAtOrDefault
NetFramework461,v4.6.1,v4.6.1,Queryable,Except
NetFramework461,v4.6.1,v4.6.1,Queryable,First
NetFramework461,v4.6.1,v4.6.1,Queryable,FirstOrDefault
NetFramework461,v4.6.1,v4.6.1,Queryable,GroupBy
NetFramework461,v4.6.1,v4.6.1,Queryable,GroupJoin
NetFramework461,v4.6.1,v4.6.1,Queryable,Intersect
NetFramework461,v4.6.1,v4.6.1,Queryable,Join
NetFramework461,v4.6.1,v4.6.1,Queryable,Last
NetFramework461,v4.6.1,v4.6.1,Queryable,LastOrDefault
NetFramework461,v4.6.1,v4.6.1,Queryable,LongCount
NetFramework461,v4.6.1,v4.6.1,Queryable,Max
NetFramework461,v4.6.1,v4.6.1,Queryable,Min
NetFramework461,v4.6.1,v4.6.1,Queryable,OfType
NetFramework461,v4.6.1,v4.6.1,Queryable,OrderBy
NetFramework461,v4.6.1,v4.6.1,Queryable,OrderByDescending
NetFramework461,v4.6.1,v4.6.1,Queryable,Reverse
NetFramework461,v4.6.1,v4.6.1,Queryable,Select
NetFramework461,v4.6.1,v4.6.1,Queryable,SelectMany
NetFramework461,v4.6.1,v4.6.1,Queryable,SequenceEqual
NetFramework461,v4.6.1,v4.6.1,Queryable,Single
NetFramework461,v4.6.1,v4.6.1,Queryable,SingleOrDefault
NetFramework461,v4.6.1,v4.6.1,Queryable,Skip
NetFramework461,v4.6.1,v4.6.1,Queryable,SkipWhile
NetFramework461,v4.6.1,v4.6.1,Queryable,Sum
NetFramework461,v4.6.1,v4.6.1,Queryable,Take
NetFramework461,v4.6.1,v4.6.1,Queryable,TakeWhile
NetFramework461,v4.6.1,v4.6.1,Queryable,ThenBy
NetFramework461,v4.6.1,v4.6.1,Queryable,ThenByDescending
NetFramework461,v4.6.1,v4.6.1,Queryable,Union
NetFramework461,v4.6.1,v4.6.1,Queryable,Where
NetFramework461,v4.6.1,v4.6.1,Queryable,Zip
NetFramework462,v4.6.2,v4.6.2,Enumerable,Aggregate
NetFramework462,v4.6.2,v4.6.2,Enumerable,All
NetFramework462,v4.6.2,v4.6.2,Enumerable,Any
NetFramework462,v4.6.2,v4.6.2,Enumerable,AsEnumerable
NetFramework462,v4.6.2,v4.6.2,Enumerable,Average
NetFramework462,v4.6.2,v4.6.2,Enumerable,Cast
NetFramework462,v4.6.2,v4.6.2,Enumerable,Concat
NetFramework462,v4.6.2,v4.6.2,Enumerable,Contains
NetFramework462,v4.6.2,v4.6.2,Enumerable,Count
NetFramework462,v4.6.2,v4.6.2,Enumerable,DefaultIfEmpty
NetFramework462,v4.6.2,v4.6.2,Enumerable,Distinct
NetFramework462,v4.6.2,v4.6.2,Enumerable,ElementAt
NetFramework462,v4.6.2,v4.6.2,Enumerable,ElementAtOrDefault
NetFramework462,v4.6.2,v4.6.2,Enumerable,Empty
NetFramework462,v4.6.2,v4.6.2,Enumerable,Except
NetFramework462,v4.6.2,v4.6.2,Enumerable,First
NetFramework462,v4.6.2,v4.6.2,Enumerable,FirstOrDefault
NetFramework462,v4.6.2,v4.6.2,Enumerable,GroupBy
NetFramework462,v4.6.2,v4.6.2,Enumerable,GroupJoin
NetFramework462,v4.6.2,v4.6.2,Enumerable,Intersect
NetFramework462,v4.6.2,v4.6.2,Enumerable,Join
NetFramework462,v4.6.2,v4.6.2,Enumerable,Last
NetFramework462,v4.6.2,v4.6.2,Enumerable,LastOrDefault
NetFramework462,v4.6.2,v4.6.2,Enumerable,LongCount
NetFramework462,v4.6.2,v4.6.2,Enumerable,Max
NetFramework462,v4.6.2,v4.6.2,Enumerable,Min
NetFramework462,v4.6.2,v4.6.2,Enumerable,OfType
NetFramework462,v4.6.2,v4.6.2,Enumerable,OrderBy
NetFramework462,v4.6.2,v4.6.2,Enumerable,OrderByDescending
NetFramework462,v4.6.2,v4.6.2,Enumerable,Range
NetFramework462,v4.6.2,v4.6.2,Enumerable,Repeat
NetFramework462,v4.6.2,v4.6.2,Enumerable,Reverse
NetFramework462,v4.6.2,v4.6.2,Enumerable,Select
NetFramework462,v4.6.2,v4.6.2,Enumerable,SelectMany
NetFramework462,v4.6.2,v4.6.2,Enumerable,SequenceEqual
NetFramework462,v4.6.2,v4.6.2,Enumerable,Single
NetFramework462,v4.6.2,v4.6.2,Enumerable,SingleOrDefault
NetFramework462,v4.6.2,v4.6.2,Enumerable,Skip
NetFramework462,v4.6.2,v4.6.2,Enumerable,SkipWhile
NetFramework462,v4.6.2,v4.6.2,Enumerable,Sum
NetFramework462,v4.6.2,v4.6.2,Enumerable,Take
NetFramework462,v4.6.2,v4.6.2,Enumerable,TakeWhile
NetFramework462,v4.6.2,v4.6.2,Enumerable,ThenBy
NetFramework462,v4.6.2,v4.6.2,Enumerable,ThenByDescending
NetFramework462,v4.6.2,v4.6.2,Enumerable,ToArray
NetFramework462,v4.6.2,v4.6.2,Enumerable,ToDictionary
NetFramework462,v4.6.2,v4.6.2,Enumerable,ToList
NetFramework462,v4.6.2,v4.6.2,Enumerable,ToLookup
NetFramework462,v4.6.2,v4.6.2,Enumerable,Union
NetFramework462,v4.6.2,v4.6.2,Enumerable,Where
NetFramework462,v4.6.2,v4.6.2,Enumerable,Zip
NetFramework462,v4.6.2,v4.6.2,Queryable,Aggregate
NetFramework462,v4.6.2,v4.6.2,Queryable,All
NetFramework462,v4.6.2,v4.6.2,Queryable,Any
NetFramework462,v4.6.2,v4.6.2,Queryable,AsQueryable
NetFramework462,v4.6.2,v4.6.2,Queryable,Average
NetFramework462,v4.6.2,v4.6.2,Queryable,Cast
NetFramework462,v4.6.2,v4.6.2,Queryable,Concat
NetFramework462,v4.6.2,v4.6.2,Queryable,Contains
NetFramework462,v4.6.2,v4.6.2,Queryable,Count
NetFramework462,v4.6.2,v4.6.2,Queryable,DefaultIfEmpty
NetFramework462,v4.6.2,v4.6.2,Queryable,Distinct
NetFramework462,v4.6.2,v4.6.2,Queryable,ElementAt
NetFramework462,v4.6.2,v4.6.2,Queryable,ElementAtOrDefault
NetFramework462,v4.6.2,v4.6.2,Queryable,Except
NetFramework462,v4.6.2,v4.6.2,Queryable,First
NetFramework462,v4.6.2,v4.6.2,Queryable,FirstOrDefault
NetFramework462,v4.6.2,v4.6.2,Queryable,GroupBy
NetFramework462,v4.6.2,v4.6.2,Queryable,GroupJoin
NetFramework462,v4.6.2,v4.6.2,Queryable,Intersect
NetFramework462,v4.6.2,v4.6.2,Queryable,Join
NetFramework462,v4.6.2,v4.6.2,Queryable,Last
NetFramework462,v4.6.2,v4.6.2,Queryable,LastOrDefault
NetFramework462,v4.6.2,v4.6.2,Queryable,LongCount
NetFramework462,v4.6.2,v4.6.2,Queryable,Max
NetFramework462,v4.6.2,v4.6.2,Queryable,Min
NetFramework462,v4.6.2,v4.6.2,Queryable,OfType
NetFramework462,v4.6.2,v4.6.2,Queryable,OrderBy
NetFramework462,v4.6.2,v4.6.2,Queryable,OrderByDescending
NetFramework462,v4.6.2,v4.6.2,Queryable,Reverse
NetFramework462,v4.6.2,v4.6.2,Queryable,Select
NetFramework462,v4.6.2,v4.6.2,Queryable,SelectMany
NetFramework462,v4.6.2,v4.6.2,Queryable,SequenceEqual
NetFramework462,v4.6.2,v4.6.2,Queryable,Single
NetFramework462,v4.6.2,v4.6.2,Queryable,SingleOrDefault
NetFramework462,v4.6.2,v4.6.2,Queryable,Skip
NetFramework462,v4.6.2,v4.6.2,Queryable,SkipWhile
NetFramework462,v4.6.2,v4.6.2,Queryable,Sum
NetFramework462,v4.6.2,v4.6.2,Queryable,Take
NetFramework462,v4.6.2,v4.6.2,Queryable,TakeWhile
NetFramework462,v4.6.2,v4.6.2,Queryable,ThenBy
NetFramework462,v4.6.2,v4.6.2,Queryable,ThenByDescending
NetFramework462,v4.6.2,v4.6.2,Queryable,Union
NetFramework462,v4.6.2,v4.6.2,Queryable,Where
NetFramework462,v4.6.2,v4.6.2,Queryable,Zip
NetFramework471,v4.7.1,v4.7.1,Enumerable,Aggregate
NetFramework471,v4.7.1,v4.7.1,Enumerable,All
NetFramework471,v4.7.1,v4.7.1,Enumerable,Any
NetFramework471,v4.7.1,v4.7.1,Enumerable,Append
NetFramework471,v4.7.1,v4.7.1,Enumerable,AsEnumerable
NetFramework471,v4.7.1,v4.7.1,Enumerable,Average
NetFramework471,v4.7.1,v4.7.1,Enumerable,Cast
NetFramework471,v4.7.1,v4.7.1,Enumerable,Concat
NetFramework471,v4.7.1,v4.7.1,Enumerable,Contains
NetFramework471,v4.7.1,v4.7.1,Enumerable,Count
NetFramework471,v4.7.1,v4.7.1,Enumerable,DefaultIfEmpty
NetFramework471,v4.7.1,v4.7.1,Enumerable,Distinct
NetFramework471,v4.7.1,v4.7.1,Enumerable,ElementAt
NetFramework471,v4.7.1,v4.7.1,Enumerable,ElementAtOrDefault
NetFramework471,v4.7.1,v4.7.1,Enumerable,Empty
NetFramework471,v4.7.1,v4.7.1,Enumerable,Except
NetFramework471,v4.7.1,v4.7.1,Enumerable,First
NetFramework471,v4.7.1,v4.7.1,Enumerable,FirstOrDefault
NetFramework471,v4.7.1,v4.7.1,Enumerable,GroupBy
NetFramework471,v4.7.1,v4.7.1,Enumerable,GroupJoin
NetFramework471,v4.7.1,v4.7.1,Enumerable,Intersect
NetFramework471,v4.7.1,v4.7.1,Enumerable,Join
NetFramework471,v4.7.1,v4.7.1,Enumerable,Last
NetFramework471,v4.7.1,v4.7.1,Enumerable,LastOrDefault
NetFramework471,v4.7.1,v4.7.1,Enumerable,LongCount
NetFramework471,v4.7.1,v4.7.1,Enumerable,Max
NetFramework471,v4.7.1,v4.7.1,Enumerable,Min
NetFramework471,v4.7.1,v4.7.1,Enumerable,OfType
NetFramework471,v4.7.1,v4.7.1,Enumerable,OrderBy
NetFramework471,v4.7.1,v4.7.1,Enumerable,OrderByDescending
NetFramework471,v4.7.1,v4.7.1,Enumerable,Prepend
NetFramework471,v4.7.1,v4.7.1,Enumerable,Range
NetFramework471,v4.7.1,v4.7.1,Enumerable,Repeat
NetFramework471,v4.7.1,v4.7.1,Enumerable,Reverse
NetFramework471,v4.7.1,v4.7.1,Enumerable,Select
NetFramework471,v4.7.1,v4.7.1,Enumerable,SelectMany
NetFramework471,v4.7.1,v4.7.1,Enumerable,SequenceEqual
NetFramework471,v4.7.1,v4.7.1,Enumerable,Single
NetFramework471,v4.7.1,v4.7.1,Enumerable,SingleOrDefault
NetFramework471,v4.7.1,v4.7.1,Enumerable,Skip
NetFramework471,v4.7.1,v4.7.1,Enumerable,SkipWhile
NetFramework471,v4.7.1,v4.7.1,Enumerable,Sum
NetFramework471,v4.7.1,v4.7.1,Enumerable,Take
NetFramework471,v4.7.1,v4.7.1,Enumerable,TakeWhile
NetFramework471,v4.7.1,v4.7.1,Enumerable,ThenBy
NetFramework471,v4.7.1,v4.7.1,Enumerable,ThenByDescending
NetFramework471,v4.7.1,v4.7.1,Enumerable,ToArray
NetFramework471,v4.7.1,v4.7.1,Enumerable,ToDictionary
NetFramework471,v4.7.1,v4.7.1,Enumerable,ToList
NetFramework471,v4.7.1,v4.7.1,Enumerable,ToLookup
NetFramework471,v4.7.1,v4.7.1,Enumerable,Union
NetFramework471,v4.7.1,v4.7.1,Enumerable,Where
NetFramework471,v4.7.1,v4.7.1,Enumerable,Zip
NetFramework471,v4.7.1,v4.7.1,Queryable,Aggregate
NetFramework471,v4.7.1,v4.7.1,Queryable,All
NetFramework471,v4.7.1,v4.7.1,Queryable,Any
NetFramework471,v4.7.1,v4.7.1,Queryable,AsQueryable
NetFramework471,v4.7.1,v4.7.1,Queryable,Average
NetFramework471,v4.7.1,v4.7.1,Queryable,Cast
NetFramework471,v4.7.1,v4.7.1,Queryable,Concat
NetFramework471,v4.7.1,v4.7.1,Queryable,Contains
NetFramework471,v4.7.1,v4.7.1,Queryable,Count
NetFramework471,v4.7.1,v4.7.1,Queryable,DefaultIfEmpty
NetFramework471,v4.7.1,v4.7.1,Queryable,Distinct
NetFramework471,v4.7.1,v4.7.1,Queryable,ElementAt
NetFramework471,v4.7.1,v4.7.1,Queryable,ElementAtOrDefault
NetFramework471,v4.7.1,v4.7.1,Queryable,Except
NetFramework471,v4.7.1,v4.7.1,Queryable,First
NetFramework471,v4.7.1,v4.7.1,Queryable,FirstOrDefault
NetFramework471,v4.7.1,v4.7.1,Queryable,GroupBy
NetFramework471,v4.7.1,v4.7.1,Queryable,GroupJoin
NetFramework471,v4.7.1,v4.7.1,Queryable,Intersect
NetFramework471,v4.7.1,v4.7.1,Queryable,Join
NetFramework471,v4.7.1,v4.7.1,Queryable,Last
NetFramework471,v4.7.1,v4.7.1,Queryable,LastOrDefault
NetFramework471,v4.7.1,v4.7.1,Queryable,LongCount
NetFramework471,v4.7.1,v4.7.1,Queryable,Max
NetFramework471,v4.7.1,v4.7.1,Queryable,Min
NetFramework471,v4.7.1,v4.7.1,Queryable,OfType
NetFramework471,v4.7.1,v4.7.1,Queryable,OrderBy
NetFramework471,v4.7.1,v4.7.1,Queryable,OrderByDescending
NetFramework471,v4.7.1,v4.7.1,Queryable,Reverse
NetFramework471,v4.7.1,v4.7.1,Queryable,Select
NetFramework471,v4.7.1,v4.7.1,Queryable,SelectMany
NetFramework471,v4.7.1,v4.7.1,Queryable,SequenceEqual
NetFramework471,v4.7.1,v4.7.1,Queryable,Single
NetFramework471,v4.7.1,v4.7.1,Queryable,SingleOrDefault
NetFramework471,v4.7.1,v4.7.1,Queryable,Skip
NetFramework471,v4.7.1,v4.7.1,Queryable,SkipWhile
NetFramework471,v4.7.1,v4.7.1,Queryable,Sum
NetFramework471,v4.7.1,v4.7.1,Queryable,Take
NetFramework471,v4.7.1,v4.7.1,Queryable,TakeWhile
NetFramework471,v4.7.1,v4.7.1,Queryable,ThenBy
NetFramework471,v4.7.1,v4.7.1,Queryable,ThenByDescending
NetFramework471,v4.7.1,v4.7.1,Queryable,Union
NetFramework471,v4.7.1,v4.7.1,Queryable,Where
NetFramework471,v4.7.1,v4.7.1,Queryable,Zip
NetFramework472,v4.7.2,v4.7.2,Enumerable,Aggregate
NetFramework472,v4.7.2,v4.7.2,Enumerable,All
NetFramework472,v4.7.2,v4.7.2,Enumerable,Any
NetFramework472,v4.7.2,v4.7.2,Enumerable,Append
NetFramework472,v4.7.2,v4.7.2,Enumerable,AsEnumerable
NetFramework472,v4.7.2,v4.7.2,Enumerable,Average
NetFramework472,v4.7.2,v4.7.2,Enumerable,Cast
NetFramework472,v4.7.2,v4.7.2,Enumerable,Concat
NetFramework472,v4.7.2,v4.7.2,Enumerable,Contains
NetFramework472,v4.7.2,v4.7.2,Enumerable,Count
NetFramework472,v4.7.2,v4.7.2,Enumerable,DefaultIfEmpty
NetFramework472,v4.7.2,v4.7.2,Enumerable,Distinct
NetFramework472,v4.7.2,v4.7.2,Enumerable,ElementAt
NetFramework472,v4.7.2,v4.7.2,Enumerable,ElementAtOrDefault
NetFramework472,v4.7.2,v4.7.2,Enumerable,Empty
NetFramework472,v4.7.2,v4.7.2,Enumerable,Except
NetFramework472,v4.7.2,v4.7.2,Enumerable,First
NetFramework472,v4.7.2,v4.7.2,Enumerable,FirstOrDefault
NetFramework472,v4.7.2,v4.7.2,Enumerable,GroupBy
NetFramework472,v4.7.2,v4.7.2,Enumerable,GroupJoin
NetFramework472,v4.7.2,v4.7.2,Enumerable,Intersect
NetFramework472,v4.7.2,v4.7.2,Enumerable,Join
NetFramework472,v4.7.2,v4.7.2,Enumerable,Last
NetFramework472,v4.7.2,v4.7.2,Enumerable,LastOrDefault
NetFramework472,v4.7.2,v4.7.2,Enumerable,LongCount
NetFramework472,v4.7.2,v4.7.2,Enumerable,Max
NetFramework472,v4.7.2,v4.7.2,Enumerable,Min
NetFramework472,v4.7.2,v4.7.2,Enumerable,OfType
NetFramework472,v4.7.2,v4.7.2,Enumerable,OrderBy
NetFramework472,v4.7.2,v4.7.2,Enumerable,OrderByDescending
NetFramework472,v4.7.2,v4.7.2,Enumerable,Prepend
NetFramework472,v4.7.2,v4.7.2,Enumerable,Range
NetFramework472,v4.7.2,v4.7.2,Enumerable,Repeat
NetFramework472,v4.7.2,v4.7.2,Enumerable,Reverse
NetFramework472,v4.7.2,v4.7.2,Enumerable,Select
NetFramework472,v4.7.2,v4.7.2,Enumerable,SelectMany
NetFramework472,v4.7.2,v4.7.2,Enumerable,SequenceEqual
NetFramework472,v4.7.2,v4.7.2,Enumerable,Single
NetFramework472,v4.7.2,v4.7.2,Enumerable,SingleOrDefault
NetFramework472,v4.7.2,v4.7.2,Enumerable,Skip
NetFramework472,v4.7.2,v4.7.2,Enumerable,SkipWhile
NetFramework472,v4.7.2,v4.7.2,Enumerable,Sum
NetFramework472,v4.7.2,v4.7.2,Enumerable,Take
NetFramework472,v4.7.2,v4.7.2,Enumerable,TakeWhile
NetFramework472,v4.7.2,v4.7.2,Enumerable,ThenBy
NetFramework472,v4.7.2,v4.7.2,Enumerable,ThenByDescending
NetFramework472,v4.7.2,v4.7.2,Enumerable,ToArray
NetFramework472,v4.7.2,v4.7.2,Enumerable,ToDictionary
NetFramework472,v4.7.2,v4.7.2,Enumerable,ToHashSet
NetFramework472,v4.7.2,v4.7.2,Enumerable,ToList
NetFramework472,v4.7.2,v4.7.2,Enumerable,ToLookup
NetFramework472,v4.7.2,v4.7.2,Enumerable,Union
NetFramework472,v4.7.2,v4.7.2,Enumerable,Where
NetFramework472,v4.7.2,v4.7.2,Enumerable,Zip
NetFramework472,v4.7.2,v4.7.2,Queryable,Aggregate
NetFramework472,v4.7.2,v4.7.2,Queryable,All
NetFramework472,v4.7.2,v4.7.2,Queryable,Any
NetFramework472,v4.7.2,v4.7.2,Queryable,AsQueryable
NetFramework472,v4.7.2,v4.7.2,Queryable,Average
NetFramework472,v4.7.2,v4.7.2,Queryable,Cast
NetFramework472,v4.7.2,v4.7.2,Queryable,Concat
NetFramework472,v4.7.2,v4.7.2,Queryable,Contains
NetFramework472,v4.7.2,v4.7.2,Queryable,Count
NetFramework472,v4.7.2,v4.7.2,Queryable,DefaultIfEmpty
NetFramework472,v4.7.2,v4.7.2,Queryable,Distinct
NetFramework472,v4.7.2,v4.7.2,Queryable,ElementAt
NetFramework472,v4.7.2,v4.7.2,Queryable,ElementAtOrDefault
NetFramework472,v4.7.2,v4.7.2,Queryable,Except
NetFramework472,v4.7.2,v4.7.2,Queryable,First
NetFramework472,v4.7.2,v4.7.2,Queryable,FirstOrDefault
NetFramework472,v4.7.2,v4.7.2,Queryable,GroupBy
NetFramework472,v4.7.2,v4.7.2,Queryable,GroupJoin
NetFramework472,v4.7.2,v4.7.2,Queryable,Intersect
NetFramework472,v4.7.2,v4.7.2,Queryable,Join
NetFramework472,v4.7.2,v4.7.2,Queryable,Last
NetFramework472,v4.7.2,v4.7.2,Queryable,LastOrDefault
NetFramework472,v4.7.2,v4.7.2,Queryable,LongCount
NetFramework472,v4.7.2,v4.7.2,Queryable,Max
NetFramework472,v4.7.2,v4.7.2,Queryable,Min
NetFramework472,v4.7.2,v4.7.2,Queryable,OfType
NetFramework472,v4.7.2,v4.7.2,Queryable,OrderBy
NetFramework472,v4.7.2,v4.7.2,Queryable,OrderByDescending
NetFramework472,v4.7.2,v4.7.2,Queryable,Reverse
NetFramework472,v4.7.2,v4.7.2,Queryable,Select
NetFramework472,v4.7.2,v4.7.2,Queryable,SelectMany
NetFramework472,v4.7.2,v4.7.2,Queryable,SequenceEqual
NetFramework472,v4.7.2,v4.7.2,Queryable,Single
NetFramework472,v4.7.2,v4.7.2,Queryable,SingleOrDefault
NetFramework472,v4.7.2,v4.7.2,Queryable,Skip
NetFramework472,v4.7.2,v4.7.2,Queryable,SkipWhile
NetFramework472,v4.7.2,v4.7.2,Queryable,Sum
NetFramework472,v4.7.2,v4.7.2,Queryable,Take
NetFramework472,v4.7.2,v4.7.2,Queryable,TakeWhile
NetFramework472,v4.7.2,v4.7.2,Queryable,ThenBy
NetFramework472,v4.7.2,v4.7.2,Queryable,ThenByDescending
NetFramework472,v4.7.2,v4.7.2,Queryable,Union
NetFramework472,v4.7.2,v4.7.2,Queryable,Where
NetFramework472,v4.7.2,v4.7.2,Queryable,Zip
NetFramework48,v4.8,v4.8,Enumerable,Aggregate
NetFramework48,v4.8,v4.8,Enumerable,All
NetFramework48,v4.8,v4.8,Enumerable,Any
NetFramework48,v4.8,v4.8,Enumerable,Append
NetFramework48,v4.8,v4.8,Enumerable,AsEnumerable
NetFramework48,v4.8,v4.8,Enumerable,Average
NetFramework48,v4.8,v4.8,Enumerable,Cast
NetFramework48,v4.8,v4.8,Enumerable,Concat
NetFramework48,v4.8,v4.8,Enumerable,Contains
NetFramework48,v4.8,v4.8,Enumerable,Count
NetFramework48,v4.8,v4.8,Enumerable,DefaultIfEmpty
NetFramework48,v4.8,v4.8,Enumerable,Distinct
NetFramework48,v4.8,v4.8,Enumerable,ElementAt
NetFramework48,v4.8,v4.8,Enumerable,ElementAtOrDefault
NetFramework48,v4.8,v4.8,Enumerable,Empty
NetFramework48,v4.8,v4.8,Enumerable,Except
NetFramework48,v4.8,v4.8,Enumerable,First
NetFramework48,v4.8,v4.8,Enumerable,FirstOrDefault
NetFramework48,v4.8,v4.8,Enumerable,GroupBy
NetFramework48,v4.8,v4.8,Enumerable,GroupJoin
NetFramework48,v4.8,v4.8,Enumerable,Intersect
NetFramework48,v4.8,v4.8,Enumerable,Join
NetFramework48,v4.8,v4.8,Enumerable,Last
NetFramework48,v4.8,v4.8,Enumerable,LastOrDefault
NetFramework48,v4.8,v4.8,Enumerable,LongCount
NetFramework48,v4.8,v4.8,Enumerable,Max
NetFramework48,v4.8,v4.8,Enumerable,Min
NetFramework48,v4.8,v4.8,Enumerable,OfType
NetFramework48,v4.8,v4.8,Enumerable,OrderBy
NetFramework48,v4.8,v4.8,Enumerable,OrderByDescending
NetFramework48,v4.8,v4.8,Enumerable,Prepend
NetFramework48,v4.8,v4.8,Enumerable,Range
NetFramework48,v4.8,v4.8,Enumerable,Repeat
NetFramework48,v4.8,v4.8,Enumerable,Reverse
NetFramework48,v4.8,v4.8,Enumerable,Select
NetFramework48,v4.8,v4.8,Enumerable,SelectMany
NetFramework48,v4.8,v4.8,Enumerable,SequenceEqual
NetFramework48,v4.8,v4.8,Enumerable,Single
NetFramework48,v4.8,v4.8,Enumerable,SingleOrDefault
NetFramework48,v4.8,v4.8,Enumerable,Skip
NetFramework48,v4.8,v4.8,Enumerable,SkipWhile
NetFramework48,v4.8,v4.8,Enumerable,Sum
NetFramework48,v4.8,v4.8,Enumerable,Take
NetFramework48,v4.8,v4.8,Enumerable,TakeWhile
NetFramework48,v4.8,v4.8,Enumerable,ThenBy
NetFramework48,v4.8,v4.8,Enumerable,ThenByDescending
NetFramework48,v4.8,v4.8,Enumerable,ToArray
NetFramework48,v4.8,v4.8,Enumerable,ToDictionary
NetFramework48,v4.8,v4.8,Enumerable,ToHashSet
NetFramework48,v4.8,v4.8,Enumerable,ToList
NetFramework48,v4.8,v4.8,Enumerable,ToLookup
NetFramework48,v4.8,v4.8,Enumerable,Union
NetFramework48,v4.8,v4.8,Enumerable,Where
NetFramework48,v4.8,v4.8,Enumerable,Zip
NetFramework48,v4.8,v4.8,Queryable,Aggregate
NetFramework48,v4.8,v4.8,Queryable,All
NetFramework48,v4.8,v4.8,Queryable,Any
NetFramework48,v4.8,v4.8,Queryable,AsQueryable
NetFramework48,v4.8,v4.8,Queryable,Average
NetFramework48,v4.8,v4.8,Queryable,Cast
NetFramework48,v4.8,v4.8,Queryable,Concat
NetFramework48,v4.8,v4.8,Queryable,Contains
NetFramework48,v4.8,v4.8,Queryable,Count
NetFramework48,v4.8,v4.8,Queryable,DefaultIfEmpty
NetFramework48,v4.8,v4.8,Queryable,Distinct
NetFramework48,v4.8,v4.8,Queryable,ElementAt
NetFramework48,v4.8,v4.8,Queryable,ElementAtOrDefault
NetFramework48,v4.8,v4.8,Queryable,Except
NetFramework48,v4.8,v4.8,Queryable,First
NetFramework48,v4.8,v4.8,Queryable,FirstOrDefault
NetFramework48,v4.8,v4.8,Queryable,GroupBy
NetFramework48,v4.8,v4.8,Queryable,GroupJoin
NetFramework48,v4.8,v4.8,Queryable,Intersect
NetFramework48,v4.8,v4.8,Queryable,Join
NetFramework48,v4.8,v4.8,Queryable,Last
NetFramework48,v4.8,v4.8,Queryable,LastOrDefault
NetFramework48,v4.8,v4.8,Queryable,LongCount
NetFramework48,v4.8,v4.8,Queryable,Max
NetFramework48,v4.8,v4.8,Queryable,Min
NetFramework48,v4.8,v4.8,Queryable,OfType
NetFramework48,v4.8,v4.8,Queryable,OrderBy
NetFramework48,v4.8,v4.8,Queryable,OrderByDescending
NetFramework48,v4.8,v4.8,Queryable,Reverse
NetFramework48,v4.8,v4.8,Queryable,Select
NetFramework48,v4.8,v4.8,Queryable,SelectMany
NetFramework48,v4.8,v4.8,Queryable,SequenceEqual
NetFramework48,v4.8,v4.8,Queryable,Single
NetFramework48,v4.8,v4.8,Queryable,SingleOrDefault
NetFramework48,v4.8,v4.8,Queryable,Skip
NetFramework48,v4.8,v4.8,Queryable,SkipWhile
NetFramework48,v4.8,v4.8,Queryable,Sum
NetFramework48,v4.8,v4.8,Queryable,Take
NetFramework48,v4.8,v4.8,Queryable,TakeWhile
NetFramework48,v4.8,v4.8,Queryable,ThenBy
NetFramework48,v4.8,v4.8,Queryable,ThenByDescending
NetFramework48,v4.8,v4.8,Queryable,Union
NetFramework48,v4.8,v4.8,Queryable,Where
NetFramework48,v4.8,v4.8,Queryable,Zip
NetCoreApp31,3.1.0,netcoreapp3.1,Enumerable,Aggregate
NetCoreApp31,3.1.0,netcoreapp3.1,Enumerable,All
NetCoreApp31,3.1.0,netcoreapp3.1,Enumerable,Any
NetCoreApp31,3.1.0,netcoreapp3.1,Enumerable,Append
NetCoreApp31,3.1.0,netcoreapp3.1,Enumerable,AsEnumerable
NetCoreApp31,3.1.0,netcoreapp3.1,Enumerable,Average
NetCoreApp31,3.1.0,netcoreapp3.1,Enumerable,Cast
NetCoreApp31,3.1.0,netcoreapp3.1,Enumerable,Concat
NetCoreApp31,3.1.0,netcoreapp3.1,Enumerable,Contains
NetCoreApp31,3.1.0,netcoreapp3.1,Enumerable,Count
NetCoreApp31,3.1.0,netcoreapp3.1,Enumerable,DefaultIfEmpty
NetCoreApp31,3.1.0,netcoreapp3.1,Enumerable,Distinct
NetCoreApp31,3.1.0,netcoreapp3.1,Enumerable,ElementAt
NetCoreApp31,3.1.0,netcoreapp3.1,Enumerable,ElementAtOrDefault
NetCoreApp31,3.1.0,netcoreapp3.1,Enumerable,Empty
NetCoreApp31,3.1.0,netcoreapp3.1,Enumerable,Except
NetCoreApp31,3.1.0,netcoreapp3.1,Enumerable,First
NetCoreApp31,3.1.0,netcoreapp3.1,Enumerable,FirstOrDefault
NetCoreApp31,3.1.0,netcoreapp3.1,Enumerable,GroupBy
NetCoreApp31,3.1.0,netcoreapp3.1,Enumerable,GroupJoin
NetCoreApp31,3.1.0,netcoreapp3.1,Enumerable,Intersect
NetCoreApp31,3.1.0,netcoreapp3.1,Enumerable,Join
NetCoreApp31,3.1.0,netcoreapp3.1,Enumerable,Last
NetCoreApp31,3.1.0,netcoreapp3.1,Enumerable,LastOrDefault
NetCoreApp31,3.1.0,netcoreapp3.1,Enumerable,LongCount
NetCoreApp31,3.1.0,netcoreapp3.1,Enumerable,Max
NetCoreApp31,3.1.0,netcoreapp3.1,Enumerable,Min
NetCoreApp31,3.1.0,netcoreapp3.1,Enumerable,OfType
NetCoreApp31,3.1.0,netcoreapp3.1,Enumerable,OrderBy
NetCoreApp31,3.1.0,netcoreapp3.1,Enumerable,OrderByDescending
NetCoreApp31,3.1.0,netcoreapp3.1,Enumerable,Prepend
NetCoreApp31,3.1.0,netcoreapp3.1,Enumerable,Range
NetCoreApp31,3.1.0,netcoreapp3.1,Enumerable,Repeat
NetCoreApp31,3.1.0,netcoreapp3.1,Enumerable,Reverse
NetCoreApp31,3.1.0,netcoreapp3.1,Enumerable,Select
NetCoreApp31,3.1.0,netcoreapp3.1,Enumerable,SelectMany
NetCoreApp31,3.1.0,netcoreapp3.1,Enumerable,SequenceEqual
NetCoreApp31,3.1.0,netcoreapp3.1,Enumerable,Single
NetCoreApp31,3.1.0,netcoreapp3.1,Enumerable,SingleOrDefault
NetCoreApp31,3.1.0,netcoreapp3.1,Enumerable,Skip
NetCoreApp31,3.1.0,netcoreapp3.1,Enumerable,SkipLast
NetCoreApp31,3.1.0,netcoreapp3.1,Enumerable,SkipWhile
NetCoreApp31,3.1.0,netcoreapp3.1,Enumerable,Sum
NetCoreApp31,3.1.0,netcoreapp3.1,Enumerable,Take
NetCoreApp31,3.1.0,netcoreapp3.1,Enumerable,TakeLast
NetCoreApp31,3.1.0,netcoreapp3.1,Enumerable,TakeWhile
NetCoreApp31,3.1.0,netcoreapp3.1,Enumerable,ThenBy
NetCoreApp31,3.1.0,netcoreapp3.1,Enumerable,ThenByDescending
NetCoreApp31,3.1.0,netcoreapp3.1,Enumerable,ToArray
NetCoreApp31,3.1.0,netcoreapp3.1,Enumerable,ToDictionary
NetCoreApp31,3.1.0,netcoreapp3.1,Enumerable,ToHashSet
NetCoreApp31,3.1.0,netcoreapp3.1,Enumerable,ToList
NetCoreApp31,3.1.0,netcoreapp3.1,Enumerable,ToLookup
NetCoreApp31,3.1.0,netcoreapp3.1,Enumerable,Union
NetCoreApp31,3.1.0,netcoreapp3.1,Enumerable,Where
NetCoreApp31,3.1.0,netcoreapp3.1,Enumerable,Zip
NetCoreApp31,3.1.0,netcoreapp3.1,Queryable,Aggregate
NetCoreApp31,3.1.0,netcoreapp3.1,Queryable,All
NetCoreApp31,3.1.0,netcoreapp3.1,Queryable,Any
NetCoreApp31,3.1.0,netcoreapp3.1,Queryable,Append
NetCoreApp31,3.1.0,netcoreapp3.1,Queryable,AsQueryable
NetCoreApp31,3.1.0,netcoreapp3.1,Queryable,Average
NetCoreApp31,3.1.0,netcoreapp3.1,Queryable,Cast
NetCoreApp31,3.1.0,netcoreapp3.1,Queryable,Concat
NetCoreApp31,3.1.0,netcoreapp3.1,Queryable,Contains
NetCoreApp31,3.1.0,netcoreapp3.1,Queryable,Count
NetCoreApp31,3.1.0,netcoreapp3.1,Queryable,DefaultIfEmpty
NetCoreApp31,3.1.0,netcoreapp3.1,Queryable,Distinct
NetCoreApp31,3.1.0,netcoreapp3.1,Queryable,ElementAt
NetCoreApp31,3.1.0,netcoreapp3.1,Queryable,ElementAtOrDefault
NetCoreApp31,3.1.0,netcoreapp3.1,Queryable,Except
NetCoreApp31,3.1.0,netcoreapp3.1,Queryable,First
NetCoreApp31,3.1.0,netcoreapp3.1,Queryable,FirstOrDefault
NetCoreApp31,3.1.0,netcoreapp3.1,Queryable,GroupBy
NetCoreApp31,3.1.0,netcoreapp3.1,Queryable,GroupJoin
NetCoreApp31,3.1.0,netcoreapp3.1,Queryable,Intersect
NetCoreApp31,3.1.0,netcoreapp3.1,Queryable,Join
NetCoreApp31,3.1.0,netcoreapp3.1,Queryable,Last
NetCoreApp31,3.1.0,netcoreapp3.1,Queryable,LastOrDefault
NetCoreApp31,3.1.0,netcoreapp3.1,Queryable,LongCount
NetCoreApp31,3.1.0,netcoreapp3.1,Queryable,Max
NetCoreApp31,3.1.0,netcoreapp3.1,Queryable,Min
NetCoreApp31,3.1.0,netcoreapp3.1,Queryable,OfType
NetCoreApp31,3.1.0,netcoreapp3.1,Queryable,OrderBy
NetCoreApp31,3.1.0,netcoreapp3.1,Queryable,OrderByDescending
NetCoreApp31,3.1.0,netcoreapp3.1,Queryable,Prepend
NetCoreApp31,3.1.0,netcoreapp3.1,Queryable,Reverse
NetCoreApp31,3.1.0,netcoreapp3.1,Queryable,Select
NetCoreApp31,3.1.0,netcoreapp3.1,Queryable,SelectMany
NetCoreApp31,3.1.0,netcoreapp3.1,Queryable,SequenceEqual
NetCoreApp31,3.1.0,netcoreapp3.1,Queryable,Single
NetCoreApp31,3.1.0,netcoreapp3.1,Queryable,SingleOrDefault
NetCoreApp31,3.1.0,netcoreapp3.1,Queryable,Skip
NetCoreApp31,3.1.0,netcoreapp3.1,Queryable,SkipLast
NetCoreApp31,3.1.0,netcoreapp3.1,Queryable,SkipWhile
NetCoreApp31,3.1.0,netcoreapp3.1,Queryable,Sum
NetCoreApp31,3.1.0,netcoreapp3.1,Queryable,Take
NetCoreApp31,3.1.0,netcoreapp3.1,Queryable,TakeLast
NetCoreApp31,3.1.0,netcoreapp3.1,Queryable,TakeWhile
NetCoreApp31,3.1.0,netcoreapp3.1,Queryable,ThenBy
NetCoreApp31,3.1.0,netcoreapp3.1,Queryable,ThenByDescending
NetCoreApp31,3.1.0,netcoreapp3.1,Queryable,Union
NetCoreApp31,3.1.0,netcoreapp3.1,Queryable,Where
NetCoreApp31,3.1.0,netcoreapp3.1,Queryable,Zip
Net50,5.0.0,net5.0,Enumerable,Aggregate
Net50,5.0.0,net5.0,Enumerable,All
Net50,5.0.0,net5.0,Enumerable,Any
Net50,5.0.0,net5.0,Enumerable,Append
Net50,5.0.0,net5.0,Enumerable,AsEnumerable
Net50,5.0.0,net5.0,Enumerable,Average
Net50,5.0.0,net5.0,Enumerable,Cast
Net50,5.0.0,net5.0,Enumerable,Concat
Net50,5.0.0,net5.0,Enumerable,Contains
Net50,5.0.0,net5.0,Enumerable,Count
Net50,5.0.0,net5.0,Enumerable,DefaultIfEmpty
Net50,5.0.0,net5.0,Enumerable,Distinct
Net50,5.0.0,net5.0,Enumerable,ElementAt
Net50,5.0.0,net5.0,Enumerable,ElementAtOrDefault
Net50,5.0.0,net5.0,Enumerable,Empty
Net50,5.0.0,net5.0,Enumerable,Except
Net50,5.0.0,net5.0,Enumerable,First
Net50,5.0.0,net5.0,Enumerable,FirstOrDefault
Net50,5.0.0,net5.0,Enumerable,GroupBy
Net50,5.0.0,net5.0,Enumerable,GroupJoin
Net50,5.0.0,net5.0,Enumerable,Intersect
Net50,5.0.0,net5.0,Enumerable,Join
Net50,5.0.0,net5.0,Enumerable,Last
Net50,5.0.0,net5.0,Enumerable,LastOrDefault
Net50,5.0.0,net5.0,Enumerable,LongCount
Net50,5.0.0,net5.0,Enumerable,Max
Net50,5.0.0,net5.0,Enumerable,Min
Net50,5.0.0,net5.0,Enumerable,OfType
Net50,5.0.0,net5.0,Enumerable,OrderBy
Net50,5.0.0,net5.0,Enumerable,OrderByDescending
Net50,5.0.0,net5.0,Enumerable,Prepend
Net50,5.0.0,net5.0,Enumerable,Range
Net50,5.0.0,net5.0,Enumerable,Repeat
Net50,5.0.0,net5.0,Enumerable,Reverse
Net50,5.0.0,net5.0,Enumerable,Select
Net50,5.0.0,net5.0,Enumerable,SelectMany
Net50,5.0.0,net5.0,Enumerable,SequenceEqual
Net50,5.0.0,net5.0,Enumerable,Single
Net50,5.0.0,net5.0,Enumerable,SingleOrDefault
Net50,5.0.0,net5.0,Enumerable,Skip
Net50,5.0.0,net5.0,Enumerable,SkipLast
Net50,5.0.0,net5.0,Enumerable,SkipWhile
Net50,5.0.0,net5.0,Enumerable,Sum
Net50,5.0.0,net5.0,Enumerable,Take
Net50,5.0.0,net5.0,Enumerable,TakeLast
Net50,5.0.0,net5.0,Enumerable,TakeWhile
Net50,5.0.0,net5.0,Enumerable,ThenBy
Net50,5.0.0,net5.0,Enumerable,ThenByDescending
Net50,5.0.0,net5.0,Enumerable,ToArray
Net50,5.0.0,net5.0,Enumerable,ToDictionary
Net50,5.0.0,net5.0,Enumerable,ToHashSet
Net50,5.0.0,net5.0,Enumerable,ToList
Net50,5.0.0,net5.0,Enumerable,ToLookup
Net50,5.0.0,net5.0,Enumerable,Union
Net50,5.0.0,net5.0,Enumerable,Where
Net50,5.0.0,net5.0,Enumerable,Zip
Net50,5.0.0,net5.0,Queryable,Aggregate
Net50,5.0.0,net5.0,Queryable,All
Net50,5.0.0,net5.0,Queryable,Any
Net50,5.0.0,net5.0,Queryable,Append
Net50,5.0.0,net5.0,Queryable,AsQueryable
Net50,5.0.0,net5.0,Queryable,Average
Net50,5.0.0,net5.0,Queryable,Cast
Net50,5.0.0,net5.0,Queryable,Concat
Net50,5.0.0,net5.0,Queryable,Contains
Net50,5.0.0,net5.0,Queryable,Count
Net50,5.0.0,net5.0,Queryable,DefaultIfEmpty
Net50,5.0.0,net5.0,Queryable,Distinct
Net50,5.0.0,net5.0,Queryable,ElementAt
Net50,5.0.0,net5.0,Queryable,ElementAtOrDefault
Net50,5.0.0,net5.0,Queryable,Except
Net50,5.0.0,net5.0,Queryable,First
Net50,5.0.0,net5.0,Queryable,FirstOrDefault
Net50,5.0.0,net5.0,Queryable,GroupBy
Net50,5.0.0,net5.0,Queryable,GroupJoin
Net50,5.0.0,net5.0,Queryable,Intersect
Net50,5.0.0,net5.0,Queryable,Join
Net50,5.0.0,net5.0,Queryable,Last
Net50,5.0.0,net5.0,Queryable,LastOrDefault
Net50,5.0.0,net5.0,Queryable,LongCount
Net50,5.0.0,net5.0,Queryable,Max
Net50,5.0.0,net5.0,Queryable,Min
Net50,5.0.0,net5.0,Queryable,OfType
Net50,5.0.0,net5.0,Queryable,OrderBy
Net50,5.0.0,net5.0,Queryable,OrderByDescending
Net50,5.0.0,net5.0,Queryable,Prepend
Net50,5.0.0,net5.0,Queryable,Reverse
Net50,5.0.0,net5.0,Queryable,Select
Net50,5.0.0,net5.0,Queryable,SelectMany
Net50,5.0.0,net5.0,Queryable,SequenceEqual
Net50,5.0.0,net5.0,Queryable,Single
Net50,5.0.0,net5.0,Queryable,SingleOrDefault
Net50,5.0.0,net5.0,Queryable,Skip
Net50,5.0.0,net5.0,Queryable,SkipLast
Net50,5.0.0,net5.0,Queryable,SkipWhile
Net50,5.0.0,net5.0,Queryable,Sum
Net50,5.0.0,net5.0,Queryable,Take
Net50,5.0.0,net5.0,Queryable,TakeLast
Net50,5.0.0,net5.0,Queryable,TakeWhile
Net50,5.0.0,net5.0,Queryable,ThenBy
Net50,5.0.0,net5.0,Queryable,ThenByDescending
Net50,5.0.0,net5.0,Queryable,Union
Net50,5.0.0,net5.0,Queryable,Where
Net50,5.0.0,net5.0,Queryable,Zip
Net60,6.0.36,net6.0,Enumerable,Aggregate
Net60,6.0.36,net6.0,Enumerable,All
Net60,6.0.36,net6.0,Enumerable,Any
Net60,6.0.36,net6.0,Enumerable,Append
Net60,6.0.36,net6.0,Enumerable,AsEnumerable
Net60,6.0.36,net6.0,Enumerable,Average
Net60,6.0.36,net6.0,Enumerable,Cast
Net60,6.0.36,net6.0,Enumerable,Chunk
Net60,6.0.36,net6.0,Enumerable,Concat
Net60,6.0.36,net6.0,Enumerable,Contains
Net60,6.0.36,net6.0,Enumerable,Count
Net60,6.0.36,net6.0,Enumerable,DefaultIfEmpty
Net60,6.0.36,net6.0,Enumerable,Distinct
Net60,6.0.36,net6.0,Enumerable,DistinctBy
Net60,6.0.36,net6.0,Enumerable,ElementAt
Net60,6.0.36,net6.0,Enumerable,ElementAtOrDefault
Net60,6.0.36,net6.0,Enumerable,Empty
Net60,6.0.36,net6.0,Enumerable,Except
Net60,6.0.36,net6.0,Enumerable,ExceptBy
Net60,6.0.36,net6.0,Enumerable,First
Net60,6.0.36,net6.0,Enumerable,FirstOrDefault
Net60,6.0.36,net6.0,Enumerable,GroupBy
Net60,6.0.36,net6.0,Enumerable,GroupJoin
Net60,6.0.36,net6.0,Enumerable,Intersect
Net60,6.0.36,net6.0,Enumerable,IntersectBy
Net60,6.0.36,net6.0,Enumerable,Join
Net60,6.0.36,net6.0,Enumerable,Last
Net60,6.0.36,net6.0,Enumerable,LastOrDefault
Net60,6.0.36,net6.0,Enumerable,LongCount
Net60,6.0.36,net6.0,Enumerable,Max
Net60,6.0.36,net6.0,Enumerable,MaxBy
Net60,6.0.36,net6.0,Enumerable,Min
Net60,6.0.36,net6.0,Enumerable,MinBy
Net60,6.0.36,net6.0,Enumerable,OfType
Net60,6.0.36,net6.0,Enumerable,OrderBy
Net60,6.0.36,net6.0,Enumerable,OrderByDescending
Net60,6.0.36,net6.0,Enumerable,Prepend
Net60,6.0.36,net6.0,Enumerable,Range
Net60,6.0.36,net6.0,Enumerable,Repeat
Net60,6.0.36,net6.0,Enumerable,Reverse
Net60,6.0.36,net6.0,Enumerable,Select
Net60,6.0.36,net6.0,Enumerable,SelectMany
Net60,6.0.36,net6.0,Enumerable,SequenceEqual
Net60,6.0.36,net6.0,Enumerable,Single
Net60,6.0.36,net6.0,Enumerable,SingleOrDefault
Net60,6.0.36,net6.0,Enumerable,Skip
Net60,6.0.36,net6.0,Enumerable,SkipLast
Net60,6.0.36,net6.0,Enumerable,SkipWhile
Net60,6.0.36,net6.0,Enumerable,Sum
Net60,6.0.36,net6.0,Enumerable,Take
Net60,6.0.36,net6.0,Enumerable,TakeLast
Net60,6.0.36,net6.0,Enumerable,TakeWhile
Net60,6.0.36,net6.0,Enumerable,ThenBy
Net60,6.0.36,net6.0,Enumerable,ThenByDescending
Net60,6.0.36,net6.0,Enumerable,ToArray
Net60,6.0.36,net6.0,Enumerable,ToDictionary
Net60,6.0.36,net6.0,Enumerable,ToHashSet
Net60,6.0.36,net6.0,Enumerable,ToList
Net60,6.0.36,net6.0,Enumerable,ToLookup
Net60,6.0.36,net6.0,Enumerable,TryGetNonEnumeratedCount
Net60,6.0.36,net6.0,Enumerable,Union
Net60,6.0.36,net6.0,Enumerable,UnionBy
Net60,6.0.36,net6.0,Enumerable,Where
Net60,6.0.36,net6.0,Enumerable,Zip
Net60,6.0.36,net6.0,Queryable,Aggregate
Net60,6.0.36,net6.0,Queryable,All
Net60,6.0.36,net6.0,Queryable,Any
Net60,6.0.36,net6.0,Queryable,Append
Net60,6.0.36,net6.0,Queryable,AsQueryable
Net60,6.0.36,net6.0,Queryable,Average
Net60,6.0.36,net6.0,Queryable,Cast
Net60,6.0.36,net6.0,Queryable,Chunk
Net60,6.0.36,net6.0,Queryable,Concat
Net60,6.0.36,net6.0,Queryable,Contains
Net60,6.0.36,net6.0,Queryable,Count
Net60,6.0.36,net6.0,Queryable,DefaultIfEmpty
Net60,6.0.36,net6.0,Queryable,Distinct
Net60,6.0.36,net6.0,Queryable,DistinctBy
Net60,6.0.36,net6.0,Queryable,ElementAt
Net60,6.0.36,net6.0,Queryable,ElementAtOrDefault
Net60,6.0.36,net6.0,Queryable,Except
Net60,6.0.36,net6.0,Queryable,ExceptBy
Net60,6.0.36,net6.0,Queryable,First
Net60,6.0.36,net6.0,Queryable,FirstOrDefault
Net60,6.0.36,net6.0,Queryable,GroupBy
Net60,6.0.36,net6.0,Queryable,GroupJoin
Net60,6.0.36,net6.0,Queryable,Intersect
Net60,6.0.36,net6.0,Queryable,IntersectBy
Net60,6.0.36,net6.0,Queryable,Join
Net60,6.0.36,net6.0,Queryable,Last
Net60,6.0.36,net6.0,Queryable,LastOrDefault
Net60,6.0.36,net6.0,Queryable,LongCount
Net60,6.0.36,net6.0,Queryable,Max
Net60,6.0.36,net6.0,Queryable,MaxBy
Net60,6.0.36,net6.0,Queryable,Min
Net60,6.0.36,net6.0,Queryable,MinBy
Net60,6.0.36,net6.0,Queryable,OfType
Net60,6.0.36,net6.0,Queryable,OrderBy
Net60,6.0.36,net6.0,Queryable,OrderByDescending
Net60,6.0.36,net6.0,Queryable,Prepend
Net60,6.0.36,net6.0,Queryable,Reverse
Net60,6.0.36,net6.0,Queryable,Select
Net60,6.0.36,net6.0,Queryable,SelectMany
Net60,6.0.36,net6.0,Queryable,SequenceEqual
Net60,6.0.36,net6.0,Queryable,Single
Net60,6.0.36,net6.0,Queryable,SingleOrDefault
Net60,6.0.36,net6.0,Queryable,Skip
Net60,6.0.36,net6.0,Queryable,SkipLast
Net60,6.0.36,net6.0,Queryable,SkipWhile
Net60,6.0.36,net6.0,Queryable,Sum
Net60,6.0.36,net6.0,Queryable,Take
Net60,6.0.36,net6.0,Queryable,TakeLast
Net60,6.0.36,net6.0,Queryable,TakeWhile
Net60,6.0.36,net6.0,Queryable,ThenBy
Net60,6.0.36,net6.0,Queryable,ThenByDescending
Net60,6.0.36,net6.0,Queryable,Union
Net60,6.0.36,net6.0,Queryable,UnionBy
Net60,6.0.36,net6.0,Queryable,Where
Net60,6.0.36,net6.0,Queryable,Zip
Net80,8.0.13,net8.0,Enumerable,Aggregate
Net80,8.0.13,net8.0,Enumerable,All
Net80,8.0.13,net8.0,Enumerable,Any
Net80,8.0.13,net8.0,Enumerable,Append
Net80,8.0.13,net8.0,Enumerable,AsEnumerable
Net80,8.0.13,net8.0,Enumerable,Average
Net80,8.0.13,net8.0,Enumerable,Cast
Net80,8.0.13,net8.0,Enumerable,Chunk
Net80,8.0.13,net8.0,Enumerable,Concat
Net80,8.0.13,net8.0,Enumerable,Contains
Net80,8.0.13,net8.0,Enumerable,Count
Net80,8.0.13,net8.0,Enumerable,DefaultIfEmpty
Net80,8.0.13,net8.0,Enumerable,Distinct
Net80,8.0.13,net8.0,Enumerable,DistinctBy
Net80,8.0.13,net8.0,Enumerable,ElementAt
Net80,8.0.13,net8.0,Enumerable,ElementAtOrDefault
Net80,8.0.13,net8.0,Enumerable,Empty
Net80,8.0.13,net8.0,Enumerable,Except
Net80,8.0.13,net8.0,Enumerable,ExceptBy
Net80,8.0.13,net8.0,Enumerable,First
Net80,8.0.13,net8.0,Enumerable,FirstOrDefault
Net80,8.0.13,net8.0,Enumerable,GroupBy
Net80,8.0.13,net8.0,Enumerable,GroupJoin
Net80,8.0.13,net8.0,Enumerable,Intersect
Net80,8.0.13,net8.0,Enumerable,IntersectBy
Net80,8.0.13,net8.0,Enumerable,Join
Net80,8.0.13,net8.0,Enumerable,Last
Net80,8.0.13,net8.0,Enumerable,LastOrDefault
Net80,8.0.13,net8.0,Enumerable,LongCount
Net80,8.0.13,net8.0,Enumerable,Max
Net80,8.0.13,net8.0,Enumerable,MaxBy
Net80,8.0.13,net8.0,Enumerable,Min
Net80,8.0.13,net8.0,Enumerable,MinBy
Net80,8.0.13,net8.0,Enumerable,OfType
Net80,8.0.13,net8.0,Enumerable,Order
Net80,8.0.13,net8.0,Enumerable,OrderBy
Net80,8.0.13,net8.0,Enumerable,OrderByDescending
Net80,8.0.13,net8.0,Enumerable,OrderDescending
Net80,8.0.13,net8.0,Enumerable,Prepend
Net80,8.0.13,net8.0,Enumerable,Range
Net80,8.0.13,net8.0,Enumerable,Repeat
Net80,8.0.13,net8.0,Enumerable,Reverse
Net80,8.0.13,net8.0,Enumerable,Select
Net80,8.0.13,net8.0,Enumerable,SelectMany
Net80,8.0.13,net8.0,Enumerable,SequenceEqual
Net80,8.0.13,net8.0,Enumerable,Single
Net80,8.0.13,net8.0,Enumerable,SingleOrDefault
Net80,8.0.13,net8.0,Enumerable,Skip
Net80,8.0.13,net8.0,Enumerable,SkipLast
Net80,8.0.13,net8.0,Enumerable,SkipWhile
Net80,8.0.13,net8.0,Enumerable,Sum
Net80,8.0.13,net8.0,Enumerable,Take
Net80,8.0.13,net8.0,Enumerable,TakeLast
Net80,8.0.13,net8.0,Enumerable,TakeWhile
Net80,8.0.13,net8.0,Enumerable,ThenBy
Net80,8.0.13,net8.0,Enumerable,ThenByDescending
Net80,8.0.13,net8.0,Enumerable,ToArray
Net80,8.0.13,net8.0,Enumerable,ToDictionary
Net80,8.0.13,net8.0,Enumerable,ToHashSet
Net80,8.0.13,net8.0,Enumerable,ToList
Net80,8.0.13,net8.0,Enumerable,ToLookup
Net80,8.0.13,net8.0,Enumerable,TryGetNonEnumeratedCount
Net80,8.0.13,net8.0,Enumerable,Union
Net80,8.0.13,net8.0,Enumerable,UnionBy
Net80,8.0.13,net8.0,Enumerable,Where
Net80,8.0.13,net8.0,Enumerable,Zip
Net80,8.0.13,net8.0,Queryable,Aggregate
Net80,8.0.13,net8.0,Queryable,All
Net80,8.0.13,net8.0,Queryable,Any
Net80,8.0.13,net8.0,Queryable,Append
Net80,8.0.13,net8.0,Queryable,AsQueryable
Net80,8.0.13,net8.0,Queryable,Average
Net80,8.0.13,net8.0,Queryable,Cast
Net80,8.0.13,net8.0,Queryable,Chunk
Net80,8.0.13,net8.0,Queryable,Concat
Net80,8.0.13,net8.0,Queryable,Contains
Net80,8.0.13,net8.0,Queryable,Count
Net80,8.0.13,net8.0,Queryable,DefaultIfEmpty
Net80,8.0.13,net8.0,Queryable,Distinct
Net80,8.0.13,net8.0,Queryable,DistinctBy
Net80,8.0.13,net8.0,Queryable,ElementAt
Net80,8.0.13,net8.0,Queryable,ElementAtOrDefault
Net80,8.0.13,net8.0,Queryable,Except
Net80,8.0.13,net8.0,Queryable,ExceptBy
Net80,8.0.13,net8.0,Queryable,First
Net80,8.0.13,net8.0,Queryable,FirstOrDefault
Net80,8.0.13,net8.0,Queryable,GroupBy
Net80,8.0.13,net8.0,Queryable,GroupJoin
Net80,8.0.13,net8.0,Queryable,Intersect
Net80,8.0.13,net8.0,Queryable,IntersectBy
Net80,8.0.13,net8.0,Queryable,Join
Net80,8.0.13,net8.0,Queryable,Last
Net80,8.0.13,net8.0,Queryable,LastOrDefault
Net80,8.0.13,net8.0,Queryable,LongCount
Net80,8.0.13,net8.0,Queryable,Max
Net80,8.0.13,net8.0,Queryable,MaxBy
Net80,8.0.13,net8.0,Queryable,Min
Net80,8.0.13,net8.0,Queryable,MinBy
Net80,8.0.13,net8.0,Queryable,OfType
Net80,8.0.13,net8.0,Queryable,Order
Net80,8.0.13,net8.0,Queryable,OrderBy
Net80,8.0.13,net8.0,Queryable,OrderByDescending
Net80,8.0.13,net8.0,Queryable,OrderDescending
Net80,8.0.13,net8.0,Queryable,Prepend
Net80,8.0.13,net8.0,Queryable,Reverse
Net80,8.0.13,net8.0,Queryable,Select
Net80,8.0.13,net8.0,Queryable,SelectMany
Net80,8.0.13,net8.0,Queryable,SequenceEqual
Net80,8.0.13,net8.0,Queryable,Single
Net80,8.0.13,net8.0,Queryable,SingleOrDefault
Net80,8.0.13,net8.0,Queryable,Skip
Net80,8.0.13,net8.0,Queryable,SkipLast
Net80,8.0.13,net8.0,Queryable,SkipWhile
Net80,8.0.13,net8.0,Queryable,Sum
Net80,8.0.13,net8.0,Queryable,Take
Net80,8.0.13,net8.0,Queryable,TakeLast
Net80,8.0.13,net8.0,Queryable,TakeWhile
Net80,8.0.13,net8.0,Queryable,ThenBy
Net80,8.0.13,net8.0,Queryable,ThenByDescending
Net80,8.0.13,net8.0,Queryable,Union
Net80,8.0.13,net8.0,Queryable,UnionBy
Net80,8.0.13,net8.0,Queryable,Where
Net80,8.0.13,net8.0,Queryable,Zip
Net90,9.0.2,net9.0,Enumerable,Aggregate
Net90,9.0.2,net9.0,Enumerable,AggregateBy
Net90,9.0.2,net9.0,Enumerable,All
Net90,9.0.2,net9.0,Enumerable,Any
Net90,9.0.2,net9.0,Enumerable,Append
Net90,9.0.2,net9.0,Enumerable,AsEnumerable
Net90,9.0.2,net9.0,Enumerable,Average
Net90,9.0.2,net9.0,Enumerable,Cast
Net90,9.0.2,net9.0,Enumerable,Chunk
Net90,9.0.2,net9.0,Enumerable,Concat
Net90,9.0.2,net9.0,Enumerable,Contains
Net90,9.0.2,net9.0,Enumerable,Count
Net90,9.0.2,net9.0,Enumerable,CountBy
Net90,9.0.2,net9.0,Enumerable,DefaultIfEmpty
Net90,9.0.2,net9.0,Enumerable,Distinct
Net90,9.0.2,net9.0,Enumerable,DistinctBy
Net90,9.0.2,net9.0,Enumerable,ElementAt
Net90,9.0.2,net9.0,Enumerable,ElementAtOrDefault
Net90,9.0.2,net9.0,Enumerable,Empty
Net90,9.0.2,net9.0,Enumerable,Except
Net90,9.0.2,net9.0,Enumerable,ExceptBy
Net90,9.0.2,net9.0,Enumerable,First
Net90,9.0.2,net9.0,Enumerable,FirstOrDefault
Net90,9.0.2,net9.0,Enumerable,GroupBy
Net90,9.0.2,net9.0,Enumerable,GroupJoin
Net90,9.0.2,net9.0,Enumerable,Index
Net90,9.0.2,net9.0,Enumerable,Intersect
Net90,9.0.2,net9.0,Enumerable,IntersectBy
Net90,9.0.2,net9.0,Enumerable,Join
Net90,9.0.2,net9.0,Enumerable,Last
Net90,9.0.2,net9.0,Enumerable,LastOrDefault
Net90,9.0.2,net9.0,Enumerable,LongCount
Net90,9.0.2,net9.0,Enumerable,Max
Net90,9.0.2,net9.0,Enumerable,MaxBy
Net90,9.0.2,net9.0,Enumerable,Min
Net90,9.0.2,net9.0,Enumerable,MinBy
Net90,9.0.2,net9.0,Enumerable,OfType
Net90,9.0.2,net9.0,Enumerable,Order
Net90,9.0.2,net9.0,Enumerable,OrderBy
Net90,9.0.2,net9.0,Enumerable,OrderByDescending
Net90,9.0.2,net9.0,Enumerable,OrderDescending
Net90,9.0.2,net9.0,Enumerable,Prepend
Net90,9.0.2,net9.0,Enumerable,Range
Net90,9.0.2,net9.0,Enumerable,Repeat
Net90,9.0.2,net9.0,Enumerable,Reverse
Net90,9.0.2,net9.0,Enumerable,Select
Net90,9.0.2,net9.0,Enumerable,SelectMany
Net90,9.0.2,net9.0,Enumerable,SequenceEqual
Net90,9.0.2,net9.0,Enumerable,Single
Net90,9.0.2,net9.0,Enumerable,SingleOrDefault
Net90,9.0.2,net9.0,Enumerable,Skip
Net90,9.0.2,net9.0,Enumerable,SkipLast
Net90,9.0.2,net9.0,Enumerable,SkipWhile
Net90,9.0.2,net9.0,Enumerable,Sum
Net90,9.0.2,net9.0,Enumerable,Take
Net90,9.0.2,net9.0,Enumerable,TakeLast
Net90,9.0.2,net9.0,Enumerable,TakeWhile
Net90,9.0.2,net9.0,Enumerable,ThenBy
Net90,9.0.2,net9.0,Enumerable,ThenByDescending
Net90,9.0.2,net9.0,Enumerable,ToArray
Net90,9.0.2,net9.0,Enumerable,ToDictionary
Net90,9.0.2,net9.0,Enumerable,ToHashSet
Net90,9.0.2,net9.0,Enumerable,ToList
Net90,9.0.2,net9.0,Enumerable,ToLookup
Net90,9.0.2,net9.0,Enumerable,TryGetNonEnumeratedCount
Net90,9.0.2,net9.0,Enumerable,Union
Net90,9.0.2,net9.0,Enumerable,UnionBy
Net90,9.0.2,net9.0,Enumerable,Where
Net90,9.0.2,net9.0,Enumerable,Zip
Net90,9.0.2,net9.0,Queryable,Aggregate
Net90,9.0.2,net9.0,Queryable,AggregateBy
Net90,9.0.2,net9.0,Queryable,All
Net90,9.0.2,net9.0,Queryable,Any
Net90,9.0.2,net9.0,Queryable,Append
Net90,9.0.2,net9.0,Queryable,AsQueryable
Net90,9.0.2,net9.0,Queryable,Average
Net90,9.0.2,net9.0,Queryable,Cast
Net90,9.0.2,net9.0,Queryable,Chunk
Net90,9.0.2,net9.0,Queryable,Concat
Net90,9.0.2,net9.0,Queryable,Contains
Net90,9.0.2,net9.0,Queryable,Count
Net90,9.0.2,net9.0,Queryable,CountBy
Net90,9.0.2,net9.0,Queryable,DefaultIfEmpty
Net90,9.0.2,net9.0,Queryable,Distinct
Net90,9.0.2,net9.0,Queryable,DistinctBy
Net90,9.0.2,net9.0,Queryable,ElementAt
Net90,9.0.2,net9.0,Queryable,ElementAtOrDefault
Net90,9.0.2,net9.0,Queryable,Except
Net90,9.0.2,net9.0,Queryable,ExceptBy
Net90,9.0.2,net9.0,Queryable,First
Net90,9.0.2,net9.0,Queryable,FirstOrDefault
Net90,9.0.2,net9.0,Queryable,GroupBy
Net90,9.0.2,net9.0,Queryable,GroupJoin
Net90,9.0.2,net9.0,Queryable,Index
Net90,9.0.2,net9.0,Queryable,Intersect
Net90,9.0.2,net9.0,Queryable,IntersectBy
Net90,9.0.2,net9.0,Queryable,Join
Net90,9.0.2,net9.0,Queryable,Last
Net90,9.0.2,net9.0,Queryable,LastOrDefault
Net90,9.0.2,net9.0,Queryable,LongCount
Net90,9.0.2,net9.0,Queryable,Max
Net90,9.0.2,net9.0,Queryable,MaxBy
Net90,9.0.2,net9.0,Queryable,Min
Net90,9.0.2,net9.0,Queryable,MinBy
Net90,9.0.2,net9.0,Queryable,OfType
Net90,9.0.2,net9.0,Queryable,Order
Net90,9.0.2,net9.0,Queryable,OrderBy
Net90,9.0.2,net9.0,Queryable,OrderByDescending
Net90,9.0.2,net9.0,Queryable,OrderDescending
Net90,9.0.2,net9.0,Queryable,Prepend
Net90,9.0.2,net9.0,Queryable,Reverse
Net90,9.0.2,net9.0,Queryable,Select
Net90,9.0.2,net9.0,Queryable,SelectMany
Net90,9.0.2,net9.0,Queryable,SequenceEqual
Net90,9.0.2,net9.0,Queryable,Single
Net90,9.0.2,net9.0,Queryable,SingleOrDefault
Net90,9.0.2,net9.0,Queryable,Skip
Net90,9.0.2,net9.0,Queryable,SkipLast
Net90,9.0.2,net9.0,Queryable,SkipWhile
Net90,9.0.2,net9.0,Queryable,Sum
Net90,9.0.2,net9.0,Queryable,Take
Net90,9.0.2,net9.0,Queryable,TakeLast
Net90,9.0.2,net9.0,Queryable,TakeWhile
Net90,9.0.2,net9.0,Queryable,ThenBy
Net90,9.0.2,net9.0,Queryable,ThenByDescending
Net90,9.0.2,net9.0,Queryable,Union
Net90,9.0.2,net9.0,Queryable,UnionBy
Net90,9.0.2,net9.0,Queryable,Where
Net90,9.0.2,net9.0,Queryable,Zip
Net100,10.0.10,net10.0,Enumerable,Aggregate
Net100,10.0.10,net10.0,Enumerable,AggregateBy
Net100,10.0.10,net10.0,Enumerable,All
Net100,10.0.10,net10.0,Enumerable,Any
Net100,10.0.10,net10.0,Enumerable,Append
Net100,10.0.10,net10.0,Enumerable,AsEnumerable
Net100,10.0.10,net10.0,Enumerable,Average
Net100,10.0.10,net10.0,Enumerable,Cast
Net100,10.0.10,net10.0,Enumerable,Chunk
Net100,10.0.10,net10.0,Enumerable,Concat
Net100,10.0.10,net10.0,Enumerable,Contains
Net100,10.0.10,net10.0,Enumerable,Count
Net100,10.0.10,net10.0,Enumerable,CountBy
Net100,10.0.10,net10.0,Enumerable,DefaultIfEmpty
Net100,10.0.10,net10.0,Enumerable,Distinct
Net100,10.0.10,net10.0,Enumerable,DistinctBy
Net100,10.0.10,net10.0,Enumerable,ElementAt
Net100,10.0.10,net10.0,Enumerable,ElementAtOrDefault
Net100,10.0.10,net10.0,Enumerable,Empty
Net100,10.0.10,net10.0,Enumerable,Except
Net100,10.0.10,net10.0,Enumerable,ExceptBy
Net100,10.0.10,net10.0,Enumerable,First
Net100,10.0.10,net10.0,Enumerable,FirstOrDefault
Net100,10.0.10,net10.0,Enumerable,GroupBy
Net100,10.0.10,net10.0,Enumerable,GroupJoin
Net100,10.0.10,net10.0,Enumerable,Index
Net100,10.0.10,net10.0,Enumerable,InfiniteSequence
Net100,10.0.10,net10.0,Enumerable,Intersect
Net100,10.0.10,net10.0,Enumerable,IntersectBy
Net100,10.0.10,net10.0,Enumerable,Join
Net100,10.0.10,net10.0,Enumerable,Last
Net100,10.0.10,net10.0,Enumerable,LastOrDefault
Net100,10.0.10,net10.0,Enumerable,LeftJoin
Net100,10.0.10,net10.0,Enumerable,LongCount
Net100,10.0.10,net10.0,Enumerable,Max
Net100,10.0.10,net10.0,Enumerable,MaxBy
Net100,10.0.10,net10.0,Enumerable,Min
Net100,10.0.10,net10.0,Enumerable,MinBy
Net100,10.0.10,net10.0,Enumerable,OfType
Net100,10.0.10,net10.0,Enumerable,Order
Net100,10.0.10,net10.0,Enumerable,OrderBy
Net100,10.0.10,net10.0,Enumerable,OrderByDescending
Net100,10.0.10,net10.0,Enumerable,OrderDescending
Net100,10.0.10,net10.0,Enumerable,Prepend
Net100,10.0.10,net10.0,Enumerable,Range
Net100,10.0.10,net10.0,Enumerable,Repeat
Net100,10.0.10,net10.0,Enumerable,Reverse
Net100,10.0.10,net10.0,Enumerable,RightJoin
Net100,10.0.10,net10.0,Enumerable,Select
Net100,10.0.10,net10.0,Enumerable,SelectMany
Net100,10.0.10,net10.0,Enumerable,Sequence
Net100,10.0.10,net10.0,Enumerable,SequenceEqual
Net100,10.0.10,net10.0,Enumerable,Shuffle
Net100,10.0.10,net10.0,Enumerable,Single
Net100,10.0.10,net10.0,Enumerable,SingleOrDefault
Net100,10.0.10,net10.0,Enumerable,Skip
Net100,10.0.10,net10.0,Enumerable,SkipLast
Net100,10.0.10,net10.0,Enumerable,SkipWhile
Net100,10.0.10,net10.0,Enumerable,Sum
Net100,10.0.10,net10.0,Enumerable,Take
Net100,10.0.10,net10.0,Enumerable,TakeLast
Net100,10.0.10,net10.0,Enumerable,TakeWhile
Net100,10.0.10,net10.0,Enumerable,ThenBy
Net100,10.0.10,net10.0,Enumerable,ThenByDescending
Net100,10.0.10,net10.0,Enumerable,ToArray
Net100,10.0.10,net10.0,Enumerable,ToDictionary
Net100,10.0.10,net10.0,Enumerable,ToHashSet
Net100,10.0.10,net10.0,Enumerable,ToList
Net100,10.0.10,net10.0,Enumerable,ToLookup
Net100,10.0.10,net10.0,Enumerable,TryGetNonEnumeratedCount
Net100,10.0.10,net10.0,Enumerable,Union
Net100,10.0.10,net10.0,Enumerable,UnionBy
Net100,10.0.10,net10.0,Enumerable,Where
Net100,10.0.10,net10.0,Enumerable,Zip
Net100,10.0.10,net10.0,Queryable,Aggregate
Net100,10.0.10,net10.0,Queryable,AggregateBy
Net100,10.0.10,net10.0,Queryable,All
Net100,10.0.10,net10.0,Queryable,Any
Net100,10.0.10,net10.0,Queryable,Append
Net100,10.0.10,net10.0,Queryable,AsQueryable
Net100,10.0.10,net10.0,Queryable,Average
Net100,10.0.10,net10.0,Queryable,Cast
Net100,10.0.10,net10.0,Queryable,Chunk
Net100,10.0.10,net10.0,Queryable,Concat
Net100,10.0.10,net10.0,Queryable,Contains
Net100,10.0.10,net10.0,Queryable,Count
Net100,10.0.10,net10.0,Queryable,CountBy
Net100,10.0.10,net10.0,Queryable,DefaultIfEmpty
Net100,10.0.10,net10.0,Queryable,Distinct
Net100,10.0.10,net10.0,Queryable,DistinctBy
Net100,10.0.10,net10.0,Queryable,ElementAt
Net100,10.0.10,net10.0,Queryable,ElementAtOrDefault
Net100,10.0.10,net10.0,Queryable,Except
Net100,10.0.10,net10.0,Queryable,ExceptBy
Net100,10.0.10,net10.0,Queryable,First
Net100,10.0.10,net10.0,Queryable,FirstOrDefault
Net100,10.0.10,net10.0,Queryable,GroupBy
Net100,10.0.10,net10.0,Queryable,GroupJoin
Net100,10.0.10,net10.0,Queryable,Index
Net100,10.0.10,net10.0,Queryable,Intersect
Net100,10.0.10,net10.0,Queryable,IntersectBy
Net100,10.0.10,net10.0,Queryable,Join
Net100,10.0.10,net10.0,Queryable,Last
Net100,10.0.10,net10.0,Queryable,LastOrDefault
Net100,10.0.10,net10.0,Queryable,LeftJoin
Net100,10.0.10,net10.0,Queryable,LongCount
Net100,10.0.10,net10.0,Queryable,Max
Net100,10.0.10,net10.0,Queryable,MaxBy
Net100,10.0.10,net10.0,Queryable,Min
Net100,10.0.10,net10.0,Queryable,MinBy
Net100,10.0.10,net10.0,Queryable,OfType
Net100,10.0.10,net10.0,Queryable,Order
Net100,10.0.10,net10.0,Queryable,OrderBy
Net100,10.0.10,net10.0,Queryable,OrderByDescending
Net100,10.0.10,net10.0,Queryable,OrderDescending
Net100,10.0.10,net10.0,Queryable,Prepend
Net100,10.0.10,net10.0,Queryable,Reverse
Net100,10.0.10,net10.0,Queryable,RightJoin
Net100,10.0.10,net10.0,Queryable,Select
Net100,10.0.10,net10.0,Queryable,SelectMany
Net100,10.0.10,net10.0,Queryable,SequenceEqual
Net100,10.0.10,net10.0,Queryable,Shuffle
Net100,10.0.10,net10.0,Queryable,Single
Net100,10.0.10,net10.0,Queryable,SingleOrDefault
Net100,10.0.10,net10.0,Queryable,Skip
Net100,10.0.10,net10.0,Queryable,SkipLast
Net100,10.0.10,net10.0,Queryable,SkipWhile
Net100,10.0.10,net10.0,Queryable,Sum
Net100,10.0.10,net10.0,Queryable,Take
Net100,10.0.10,net10.0,Queryable,TakeLast
Net100,10.0.10,net10.0,Queryable,TakeWhile
Net100,10.0.10,net10.0,Queryable,ThenBy
Net100,10.0.10,net10.0,Queryable,ThenByDescending
Net100,10.0.10,net10.0,Queryable,Union
Net100,10.0.10,net10.0,Queryable,UnionBy
Net100,10.0.10,net10.0,Queryable,Where
Net100,10.0.10,net10.0,Queryable,Zip
